-- MySQL dump 10.17  Distrib 10.3.14-MariaDB, for debian-linux-gnu (x86_64)
--
-- Host: 127.0.0.1    Database: projet430
-- ------------------------------------------------------
-- Server version	10.3.14-MariaDB-1:10.3.14+maria~bionic-log

/*!40101 SET @OLD_CHARACTER_SET_CLIENT=@@CHARACTER_SET_CLIENT */;
/*!40101 SET @OLD_CHARACTER_SET_RESULTS=@@CHARACTER_SET_RESULTS */;
/*!40101 SET @OLD_COLLATION_CONNECTION=@@COLLATION_CONNECTION */;
/*!40101 SET NAMES utf8mb4 */;
/*!40103 SET @OLD_TIME_ZONE=@@TIME_ZONE */;
/*!40103 SET TIME_ZONE='+00:00' */;
/*!40014 SET @OLD_UNIQUE_CHECKS=@@UNIQUE_CHECKS, UNIQUE_CHECKS=0 */;
/*!40014 SET @OLD_FOREIGN_KEY_CHECKS=@@FOREIGN_KEY_CHECKS, FOREIGN_KEY_CHECKS=0 */;
/*!40101 SET @OLD_SQL_MODE=@@SQL_MODE, SQL_MODE='NO_AUTO_VALUE_ON_ZERO' */;
/*!40111 SET @OLD_SQL_NOTES=@@SQL_NOTES, SQL_NOTES=0 */;

--
-- Table structure for table `categories`
--

DROP TABLE IF EXISTS `categories`;
/*!40101 SET @saved_cs_client     = @@character_set_client */;
/*!40101 SET character_set_client = utf8 */;
CREATE TABLE `categories` (
  `id` bigint(20) NOT NULL AUTO_INCREMENT,
  `label` varchar(255) NOT NULL,
  PRIMARY KEY (`id`)
) ENGINE=MyISAM AUTO_INCREMENT=5 DEFAULT CHARSET=utf8;
/*!40101 SET character_set_client = @saved_cs_client */;

--
-- Dumping data for table `categories`
--

LOCK TABLES `categories` WRITE;
/*!40000 ALTER TABLE `categories` DISABLE KEYS */;
INSERT INTO `categories` (`id`, `label`) VALUES (1,'RESEAU'),(2,'SALLE'),(3,'VIDEO_PROJECTEUR'),(4,'GEOGRAPHIE');
/*!40000 ALTER TABLE `categories` ENABLE KEYS */;
UNLOCK TABLES;

--
-- Table structure for table `logs`
--

DROP TABLE IF EXISTS `logs`;
/*!40101 SET @saved_cs_client     = @@character_set_client */;
/*!40101 SET character_set_client = utf8 */;
CREATE TABLE `logs` (
  `id` bigint(20) NOT NULL AUTO_INCREMENT,
  `userId` bigint(20) NOT NULL,
  `userName` varchar(128) NOT NULL,
  `process` varchar(1024) NOT NULL,
  `processFunction` varchar(1024) NOT NULL,
  `userRoleId` bigint(20) NOT NULL,
  `userRoleText` varchar(128) NOT NULL,
  `userIp` varchar(1024) NOT NULL,
  `userAgent` varchar(128) NOT NULL,
  `agentString` varchar(1024) NOT NULL,
  `platform` varchar(128) NOT NULL,
  `createdDtm` datetime NOT NULL DEFAULT current_timestamp(),
  PRIMARY KEY (`id`)
) ENGINE=InnoDB AUTO_INCREMENT=527 DEFAULT CHARSET=utf8;
/*!40101 SET character_set_client = @saved_cs_client */;

--
-- Dumping data for table `logs`
--

LOCK TABLES `logs` WRITE;
/*!40000 ALTER TABLE `logs` DISABLE KEYS */;
INSERT INTO `logs` (`id`, `userId`, `userName`, `process`, `processFunction`, `userRoleId`, `userRoleText`, `userIp`, `userAgent`, `agentString`, `platform`, `createdDtm`) VALUES (1,1,'Areyline DJ','Giriş','Login/loginMe',1,'Admin','127.0.0.1','Chrome 74.0.3729.108','Mozilla/5.0 (X11; Linux x86_64) AppleWebKit/537.36 (KHTML, like Gecko) Chrome/74.0.3729.108 Safari/537.36','Linux','2019-04-28 15:45:21'),(2,1,'Areyline DJ','Çıkış','BaseController/logout',1,'Admin','127.0.0.1','Chrome 74.0.3729.108','Mozilla/5.0 (X11; Linux x86_64) AppleWebKit/537.36 (KHTML, like Gecko) Chrome/74.0.3729.108 Safari/537.36','Linux','2019-04-28 15:45:28'),(3,1,'Areyline DJ','Giriş','Login/loginMe',1,'Admin','127.0.0.1','Chrome 74.0.3729.108','Mozilla/5.0 (X11; Linux x86_64) AppleWebKit/537.36 (KHTML, like Gecko) Chrome/74.0.3729.108 Safari/537.36','Linux','2019-04-28 15:45:46'),(4,1,'Areyline DJ','Çıkış','BaseController/logout',1,'Admin','127.0.0.1','Chrome 74.0.3729.108','Mozilla/5.0 (X11; Linux x86_64) AppleWebKit/537.36 (KHTML, like Gecko) Chrome/74.0.3729.108 Safari/537.36','Linux','2019-04-28 16:02:38'),(5,1,'Areyline DJ','Giriş','Login/loginMe',1,'Admin','127.0.0.1','Chrome 74.0.3729.108','Mozilla/5.0 (X11; Linux x86_64) AppleWebKit/537.36 (KHTML, like Gecko) Chrome/74.0.3729.108 Safari/537.36','Linux','2019-04-28 16:02:53'),(6,1,'Areyline DJ','Toutes les tâches','Manager/tasks',1,'Admin','127.0.0.1','Chrome 74.0.3729.108','Mozilla/5.0 (X11; Linux x86_64) AppleWebKit/537.36 (KHTML, like Gecko) Chrome/74.0.3729.108 Safari/537.36','Linux','2019-04-28 16:13:47'),(7,1,'Areyline DJ','Toutes les tâches','Manager/tasks',1,'Admin','127.0.0.1','Chrome 74.0.3729.108','Mozilla/5.0 (X11; Linux x86_64) AppleWebKit/537.36 (KHTML, like Gecko) Chrome/74.0.3729.108 Safari/537.36','Linux','2019-04-28 16:51:43'),(8,1,'Areyline DJ','Erreur','Login/error',1,'Admin','127.0.0.1','Chrome 74.0.3729.108','Mozilla/5.0 (X11; Linux x86_64) AppleWebKit/537.36 (KHTML, like Gecko) Chrome/74.0.3729.108 Safari/537.36','Linux','2019-04-28 16:52:07'),(9,1,'Areyline DJ','Ajouter une tâche','Manager/addNewTasks',1,'Admin','127.0.0.1','Chrome 74.0.3729.108','Mozilla/5.0 (X11; Linux x86_64) AppleWebKit/537.36 (KHTML, like Gecko) Chrome/74.0.3729.108 Safari/537.36','Linux','2019-04-28 17:16:10'),(10,1,'Areyline DJ','Toutes les tâches','Manager/tasks',1,'Admin','127.0.0.1','Chrome 74.0.3729.108','Mozilla/5.0 (X11; Linux x86_64) AppleWebKit/537.36 (KHTML, like Gecko) Chrome/74.0.3729.108 Safari/537.36','Linux','2019-04-28 17:16:14'),(11,1,'Areyline DJ','Görev Bitirme','User/endTask',1,'Admin','127.0.0.1','Chrome 74.0.3729.108','Mozilla/5.0 (X11; Linux x86_64) AppleWebKit/537.36 (KHTML, like Gecko) Chrome/74.0.3729.108 Safari/537.36','Linux','2019-04-28 17:16:22'),(12,1,'Areyline DJ','Toutes les tâches','Manager/tasks',1,'Admin','127.0.0.1','Chrome 74.0.3729.108','Mozilla/5.0 (X11; Linux x86_64) AppleWebKit/537.36 (KHTML, like Gecko) Chrome/74.0.3729.108 Safari/537.36','Linux','2019-04-28 17:16:22'),(13,1,'Areyline DJ','Toutes les tâches','Manager/tasks',1,'Admin','127.0.0.1','Chrome 74.0.3729.108','Mozilla/5.0 (X11; Linux x86_64) AppleWebKit/537.36 (KHTML, like Gecko) Chrome/74.0.3729.108 Safari/537.36','Linux','2019-04-28 17:24:07'),(14,1,'Areyline DJ','Toutes les tâches','Manager/tasks',1,'Admin','127.0.0.1','Chrome 74.0.3729.108','Mozilla/5.0 (X11; Linux x86_64) AppleWebKit/537.36 (KHTML, like Gecko) Chrome/74.0.3729.108 Safari/537.36','Linux','2019-04-28 17:46:20'),(15,1,'Areyline DJ','Toutes les tâches','Manager/tasks',1,'Admin','127.0.0.1','Chrome 74.0.3729.108','Mozilla/5.0 (X11; Linux x86_64) AppleWebKit/537.36 (KHTML, like Gecko) Chrome/74.0.3729.108 Safari/537.36','Linux','2019-04-28 17:46:26'),(16,1,'Areyline DJ','Görev Düzenleme','Manager/editTask',1,'Admin','127.0.0.1','Chrome 74.0.3729.108','Mozilla/5.0 (X11; Linux x86_64) AppleWebKit/537.36 (KHTML, like Gecko) Chrome/74.0.3729.108 Safari/537.36','Linux','2019-04-28 17:47:47'),(17,1,'Areyline DJ','Toutes les tâches','Manager/tasks',1,'Admin','127.0.0.1','Chrome 74.0.3729.108','Mozilla/5.0 (X11; Linux x86_64) AppleWebKit/537.36 (KHTML, like Gecko) Chrome/74.0.3729.108 Safari/537.36','Linux','2019-04-28 17:47:47'),(18,1,'Areyline DJ','Toutes les tâches','Manager/tasks',1,'Admin','127.0.0.1','Chrome 74.0.3729.108','Mozilla/5.0 (X11; Linux x86_64) AppleWebKit/537.36 (KHTML, like Gecko) Chrome/74.0.3729.108 Safari/537.36','Linux','2019-04-28 17:47:59'),(19,1,'Areyline DJ','Toutes les tâches','Manager/tasks',1,'Admin','127.0.0.1','Chrome 74.0.3729.108','Mozilla/5.0 (X11; Linux x86_64) AppleWebKit/537.36 (KHTML, like Gecko) Chrome/74.0.3729.108 Safari/537.36','Linux','2019-04-28 17:48:01'),(20,1,'Areyline DJ','Toutes les tâches','Manager/tasks',1,'Admin','127.0.0.1','Chrome 74.0.3729.108','Mozilla/5.0 (X11; Linux x86_64) AppleWebKit/537.36 (KHTML, like Gecko) Chrome/74.0.3729.108 Safari/537.36','Linux','2019-04-28 17:48:09'),(21,1,'Areyline DJ','Toutes les tâches','Manager/tasks',1,'Admin','127.0.0.1','Chrome 74.0.3729.108','Mozilla/5.0 (X11; Linux x86_64) AppleWebKit/537.36 (KHTML, like Gecko) Chrome/74.0.3729.108 Safari/537.36','Linux','2019-04-28 17:48:17'),(22,1,'Areyline DJ','Toutes les Ressources','Manager/tasks',1,'Admin','127.0.0.1','Chrome 74.0.3729.108','Mozilla/5.0 (X11; Linux x86_64) AppleWebKit/537.36 (KHTML, like Gecko) Chrome/74.0.3729.108 Safari/537.36','Linux','2019-04-28 17:51:30'),(23,1,'Areyline DJ','Toutes les Ressources','Manager/tasks',1,'Admin','127.0.0.1','Chrome 74.0.3729.108','Mozilla/5.0 (X11; Linux x86_64) AppleWebKit/537.36 (KHTML, like Gecko) Chrome/74.0.3729.108 Safari/537.36','Linux','2019-04-28 17:51:32'),(24,1,'Areyline DJ','Toutes les Ressources','Manager/tasks',1,'Admin','127.0.0.1','Chrome 74.0.3729.108','Mozilla/5.0 (X11; Linux x86_64) AppleWebKit/537.36 (KHTML, like Gecko) Chrome/74.0.3729.108 Safari/537.36','Linux','2019-04-28 17:51:33'),(25,1,'Areyline DJ','Toutes les Ressources','Manager/tasks',1,'Admin','127.0.0.1','Chrome 74.0.3729.108','Mozilla/5.0 (X11; Linux x86_64) AppleWebKit/537.36 (KHTML, like Gecko) Chrome/74.0.3729.108 Safari/537.36','Linux','2019-04-28 17:51:34'),(26,1,'Areyline DJ','Toutes les Ressources','Manager/tasks',1,'Admin','127.0.0.1','Chrome 74.0.3729.108','Mozilla/5.0 (X11; Linux x86_64) AppleWebKit/537.36 (KHTML, like Gecko) Chrome/74.0.3729.108 Safari/537.36','Linux','2019-04-28 17:51:34'),(27,1,'Areyline DJ','Toutes les Ressources','Manager/tasks',1,'Admin','127.0.0.1','Chrome 74.0.3729.108','Mozilla/5.0 (X11; Linux x86_64) AppleWebKit/537.36 (KHTML, like Gecko) Chrome/74.0.3729.108 Safari/537.36','Linux','2019-04-28 17:51:38'),(28,1,'Areyline DJ','Toutes les Ressources','Manager/tasks',1,'Admin','127.0.0.1','Chrome 74.0.3729.108','Mozilla/5.0 (X11; Linux x86_64) AppleWebKit/537.36 (KHTML, like Gecko) Chrome/74.0.3729.108 Safari/537.36','Linux','2019-04-28 17:51:40'),(29,1,'Areyline DJ','Toutes les Ressources','Manager/tasks',1,'Admin','127.0.0.1','Chrome 74.0.3729.108','Mozilla/5.0 (X11; Linux x86_64) AppleWebKit/537.36 (KHTML, like Gecko) Chrome/74.0.3729.108 Safari/537.36','Linux','2019-04-28 17:51:41'),(30,1,'Areyline DJ','Toutes les Ressources','Manager/tasks',1,'Admin','127.0.0.1','Chrome 74.0.3729.108','Mozilla/5.0 (X11; Linux x86_64) AppleWebKit/537.36 (KHTML, like Gecko) Chrome/74.0.3729.108 Safari/537.36','Linux','2019-04-28 17:52:44'),(31,1,'Areyline DJ','Toutes les Ressources','Manager/tasks',1,'Admin','127.0.0.1','Chrome 74.0.3729.108','Mozilla/5.0 (X11; Linux x86_64) AppleWebKit/537.36 (KHTML, like Gecko) Chrome/74.0.3729.108 Safari/537.36','Linux','2019-04-28 17:52:46'),(32,1,'Areyline DJ','Erreur','Login/error',1,'Admin','127.0.0.1','Chrome 74.0.3729.108','Mozilla/5.0 (X11; Linux x86_64) AppleWebKit/537.36 (KHTML, like Gecko) Chrome/74.0.3729.108 Safari/537.36','Linux','2019-04-28 18:16:36'),(33,1,'Areyline DJ','Erreur','Login/error',1,'Admin','127.0.0.1','Chrome 74.0.3729.108','Mozilla/5.0 (X11; Linux x86_64) AppleWebKit/537.36 (KHTML, like Gecko) Chrome/74.0.3729.108 Safari/537.36','Linux','2019-04-28 18:16:44'),(34,1,'Areyline DJ','Toutes les Ressources','Manager/resources',1,'Admin','127.0.0.1','Chrome 74.0.3729.108','Mozilla/5.0 (X11; Linux x86_64) AppleWebKit/537.36 (KHTML, like Gecko) Chrome/74.0.3729.108 Safari/537.36','Linux','2019-04-28 18:25:02'),(35,1,'Areyline DJ','Toutes les Ressources','Manager/resources',1,'Admin','127.0.0.1','Chrome 74.0.3729.108','Mozilla/5.0 (X11; Linux x86_64) AppleWebKit/537.36 (KHTML, like Gecko) Chrome/74.0.3729.108 Safari/537.36','Linux','2019-04-28 18:25:05'),(36,1,'Areyline DJ','Toutes les Ressources','Manager/resources',1,'Admin','127.0.0.1','Chrome 74.0.3729.108','Mozilla/5.0 (X11; Linux x86_64) AppleWebKit/537.36 (KHTML, like Gecko) Chrome/74.0.3729.108 Safari/537.36','Linux','2019-04-28 18:25:06'),(37,1,'Areyline DJ','Toutes les Ressources','Manager/resources',1,'Admin','127.0.0.1','Chrome 74.0.3729.108','Mozilla/5.0 (X11; Linux x86_64) AppleWebKit/537.36 (KHTML, like Gecko) Chrome/74.0.3729.108 Safari/537.36','Linux','2019-04-28 18:25:07'),(38,1,'Areyline DJ','Toutes les Ressources','Manager/resources',1,'Admin','127.0.0.1','Chrome 74.0.3729.108','Mozilla/5.0 (X11; Linux x86_64) AppleWebKit/537.36 (KHTML, like Gecko) Chrome/74.0.3729.108 Safari/537.36','Linux','2019-04-28 18:25:08'),(39,1,'Areyline DJ','Ajouter une ressource','Manager/addNewResource',1,'Admin','127.0.0.1','Chrome 74.0.3729.108','Mozilla/5.0 (X11; Linux x86_64) AppleWebKit/537.36 (KHTML, like Gecko) Chrome/74.0.3729.108 Safari/537.36','Linux','2019-04-28 18:25:15'),(40,1,'Areyline DJ','Toutes les Ressources','Manager/resources',1,'Admin','127.0.0.1','Chrome 74.0.3729.108','Mozilla/5.0 (X11; Linux x86_64) AppleWebKit/537.36 (KHTML, like Gecko) Chrome/74.0.3729.108 Safari/537.36','Linux','2019-04-28 18:25:17'),(41,1,'Areyline DJ','Ajouter une ressource','Manager/addNewResource',1,'Admin','127.0.0.1','Chrome 74.0.3729.108','Mozilla/5.0 (X11; Linux x86_64) AppleWebKit/537.36 (KHTML, like Gecko) Chrome/74.0.3729.108 Safari/537.36','Linux','2019-04-28 18:25:24'),(42,1,'Areyline DJ','Toutes les Ressources','Manager/resources',1,'Admin','127.0.0.1','Chrome 74.0.3729.108','Mozilla/5.0 (X11; Linux x86_64) AppleWebKit/537.36 (KHTML, like Gecko) Chrome/74.0.3729.108 Safari/537.36','Linux','2019-04-28 18:25:26'),(43,1,'Areyline DJ','Ajouter une ressource','Manager/addNewResource',1,'Admin','127.0.0.1','Chrome 74.0.3729.108','Mozilla/5.0 (X11; Linux x86_64) AppleWebKit/537.36 (KHTML, like Gecko) Chrome/74.0.3729.108 Safari/537.36','Linux','2019-04-28 18:25:36'),(44,1,'Areyline DJ','Toutes les Ressources','Manager/resources',1,'Admin','127.0.0.1','Chrome 74.0.3729.108','Mozilla/5.0 (X11; Linux x86_64) AppleWebKit/537.36 (KHTML, like Gecko) Chrome/74.0.3729.108 Safari/537.36','Linux','2019-04-28 18:25:38'),(45,1,'Areyline DJ','Görev Düzenleme','Manager/editResource',1,'Admin','127.0.0.1','Chrome 74.0.3729.108','Mozilla/5.0 (X11; Linux x86_64) AppleWebKit/537.36 (KHTML, like Gecko) Chrome/74.0.3729.108 Safari/537.36','Linux','2019-04-28 18:25:46'),(46,1,'Areyline DJ','Erreur','Login/error',1,'Admin','127.0.0.1','Chrome 74.0.3729.108','Mozilla/5.0 (X11; Linux x86_64) AppleWebKit/537.36 (KHTML, like Gecko) Chrome/74.0.3729.108 Safari/537.36','Linux','2019-04-28 18:25:46'),(47,1,'Areyline DJ','Erreur','Login/error',1,'Admin','127.0.0.1','Chrome 74.0.3729.108','Mozilla/5.0 (X11; Linux x86_64) AppleWebKit/537.36 (KHTML, like Gecko) Chrome/74.0.3729.108 Safari/537.36','Linux','2019-04-28 18:28:25'),(48,1,'Areyline DJ','Erreur','Login/error',1,'Admin','127.0.0.1','Chrome 74.0.3729.108','Mozilla/5.0 (X11; Linux x86_64) AppleWebKit/537.36 (KHTML, like Gecko) Chrome/74.0.3729.108 Safari/537.36','Linux','2019-04-28 18:29:54'),(49,1,'Areyline DJ','Toutes les Ressources','Manager/resources',1,'Admin','127.0.0.1','Chrome 74.0.3729.108','Mozilla/5.0 (X11; Linux x86_64) AppleWebKit/537.36 (KHTML, like Gecko) Chrome/74.0.3729.108 Safari/537.36','Linux','2019-04-28 18:31:39'),(50,1,'Areyline DJ','Edition de ressource','Manager/editResource',1,'Admin','127.0.0.1','Chrome 74.0.3729.108','Mozilla/5.0 (X11; Linux x86_64) AppleWebKit/537.36 (KHTML, like Gecko) Chrome/74.0.3729.108 Safari/537.36','Linux','2019-04-28 18:31:46'),(51,1,'Areyline DJ','Toutes les Ressources','Manager/resources',1,'Admin','127.0.0.1','Chrome 74.0.3729.108','Mozilla/5.0 (X11; Linux x86_64) AppleWebKit/537.36 (KHTML, like Gecko) Chrome/74.0.3729.108 Safari/537.36','Linux','2019-04-28 18:31:46'),(52,1,'Areyline DJ','Edition de ressource','Manager/editResource',1,'Admin','127.0.0.1','Chrome 74.0.3729.108','Mozilla/5.0 (X11; Linux x86_64) AppleWebKit/537.36 (KHTML, like Gecko) Chrome/74.0.3729.108 Safari/537.36','Linux','2019-04-28 18:31:53'),(53,1,'Areyline DJ','Toutes les Ressources','Manager/resources',1,'Admin','127.0.0.1','Chrome 74.0.3729.108','Mozilla/5.0 (X11; Linux x86_64) AppleWebKit/537.36 (KHTML, like Gecko) Chrome/74.0.3729.108 Safari/537.36','Linux','2019-04-28 18:31:53'),(54,1,'Areyline DJ','Edition de ressource','Manager/editResource',1,'Admin','127.0.0.1','Chrome 74.0.3729.108','Mozilla/5.0 (X11; Linux x86_64) AppleWebKit/537.36 (KHTML, like Gecko) Chrome/74.0.3729.108 Safari/537.36','Linux','2019-04-28 18:31:59'),(55,1,'Areyline DJ','Toutes les Ressources','Manager/resources',1,'Admin','127.0.0.1','Chrome 74.0.3729.108','Mozilla/5.0 (X11; Linux x86_64) AppleWebKit/537.36 (KHTML, like Gecko) Chrome/74.0.3729.108 Safari/537.36','Linux','2019-04-28 18:31:59'),(56,1,'Areyline DJ','Edition de ressource','Manager/editResource',1,'Admin','127.0.0.1','Chrome 74.0.3729.108','Mozilla/5.0 (X11; Linux x86_64) AppleWebKit/537.36 (KHTML, like Gecko) Chrome/74.0.3729.108 Safari/537.36','Linux','2019-04-28 18:32:06'),(57,1,'Areyline DJ','Toutes les Ressources','Manager/resources',1,'Admin','127.0.0.1','Chrome 74.0.3729.108','Mozilla/5.0 (X11; Linux x86_64) AppleWebKit/537.36 (KHTML, like Gecko) Chrome/74.0.3729.108 Safari/537.36','Linux','2019-04-28 18:32:06'),(58,1,'Areyline DJ','Toutes les Ressources','Manager/resources',1,'Admin','127.0.0.1','Chrome 74.0.3729.108','Mozilla/5.0 (X11; Linux x86_64) AppleWebKit/537.36 (KHTML, like Gecko) Chrome/74.0.3729.108 Safari/537.36','Linux','2019-04-28 18:36:37'),(59,1,'Areyline DJ','Toutes les Ressources','Manager/resources',1,'Admin','127.0.0.1','Chrome 74.0.3729.108','Mozilla/5.0 (X11; Linux x86_64) AppleWebKit/537.36 (KHTML, like Gecko) Chrome/74.0.3729.108 Safari/537.36','Linux','2019-04-28 18:36:40'),(60,1,'Areyline DJ','Toutes les Ressources','Manager/resources',1,'Admin','127.0.0.1','Chrome 74.0.3729.108','Mozilla/5.0 (X11; Linux x86_64) AppleWebKit/537.36 (KHTML, like Gecko) Chrome/74.0.3729.108 Safari/537.36','Linux','2019-04-28 18:38:28'),(61,1,'Areyline DJ','Toutes les Ressources','Manager/resources',1,'Admin','127.0.0.1','Chrome 74.0.3729.108','Mozilla/5.0 (X11; Linux x86_64) AppleWebKit/537.36 (KHTML, like Gecko) Chrome/74.0.3729.108 Safari/537.36','Linux','2019-04-28 18:38:31'),(62,1,'Areyline DJ','Toutes les Ressources','Manager/resources',1,'Admin','127.0.0.1','Chrome 74.0.3729.108','Mozilla/5.0 (X11; Linux x86_64) AppleWebKit/537.36 (KHTML, like Gecko) Chrome/74.0.3729.108 Safari/537.36','Linux','2019-04-28 18:38:50'),(63,1,'Areyline DJ','Toutes les Ressources','Manager/resources',1,'Admin','127.0.0.1','Chrome 74.0.3729.108','Mozilla/5.0 (X11; Linux x86_64) AppleWebKit/537.36 (KHTML, like Gecko) Chrome/74.0.3729.108 Safari/537.36','Linux','2019-04-28 18:39:24'),(64,1,'Areyline DJ','Toutes les Ressources','Manager/resources',1,'Admin','127.0.0.1','Chrome 74.0.3729.108','Mozilla/5.0 (X11; Linux x86_64) AppleWebKit/537.36 (KHTML, like Gecko) Chrome/74.0.3729.108 Safari/537.36','Linux','2019-04-28 18:39:35'),(65,1,'Areyline DJ','Toutes les Ressources','Manager/resources',1,'Admin','127.0.0.1','Chrome 74.0.3729.108','Mozilla/5.0 (X11; Linux x86_64) AppleWebKit/537.36 (KHTML, like Gecko) Chrome/74.0.3729.108 Safari/537.36','Linux','2019-04-28 18:39:38'),(66,1,'Areyline DJ','Erreur','Login/error',1,'Admin','127.0.0.1','Chrome 74.0.3729.108','Mozilla/5.0 (X11; Linux x86_64) AppleWebKit/537.36 (KHTML, like Gecko) Chrome/74.0.3729.108 Safari/537.36','Linux','2019-04-28 18:41:52'),(67,1,'Areyline DJ','Toutes les Ressources','Manager/resources',1,'Admin','127.0.0.1','Chrome 74.0.3729.108','Mozilla/5.0 (X11; Linux x86_64) AppleWebKit/537.36 (KHTML, like Gecko) Chrome/74.0.3729.108 Safari/537.36','Linux','2019-04-28 18:43:45'),(68,1,'Areyline DJ','Çıkış','BaseController/logout',1,'Admin','127.0.0.1','Chrome 74.0.3729.108','Mozilla/5.0 (X11; Linux x86_64) AppleWebKit/537.36 (KHTML, like Gecko) Chrome/74.0.3729.108 Safari/537.36','Linux','2019-04-28 18:44:38'),(69,9,'Notgabs','Giriş','Login/loginMe',1,'Admin','127.0.0.1','Chrome 74.0.3729.108','Mozilla/5.0 (X11; Linux x86_64) AppleWebKit/537.36 (KHTML, like Gecko) Chrome/74.0.3729.108 Safari/537.36','Linux','2019-04-28 18:44:47'),(70,9,'Notgabs','Changement de mot de passe','User/changePassword',1,'Admin','127.0.0.1','Chrome 74.0.3729.108','Mozilla/5.0 (X11; Linux x86_64) AppleWebKit/537.36 (KHTML, like Gecko) Chrome/74.0.3729.108 Safari/537.36','Linux','2019-04-28 18:45:20'),(71,9,'Notgabs','Toutes les Ressources','Manager/resources',1,'Admin','127.0.0.1','Chrome 74.0.3729.108','Mozilla/5.0 (X11; Linux x86_64) AppleWebKit/537.36 (KHTML, like Gecko) Chrome/74.0.3729.108 Safari/537.36','Linux','2019-04-28 18:45:30'),(72,9,'Notgabs','Erreur','Login/error',1,'Admin','127.0.0.1','Chrome 74.0.3729.108','Mozilla/5.0 (X11; Linux x86_64) AppleWebKit/537.36 (KHTML, like Gecko) Chrome/74.0.3729.108 Safari/537.36','Linux','2019-04-28 18:48:21'),(73,9,'Notgabs','Toutes les Ressources','Manager/resources',1,'Admin','127.0.0.1','Chrome 74.0.3729.108','Mozilla/5.0 (X11; Linux x86_64) AppleWebKit/537.36 (KHTML, like Gecko) Chrome/74.0.3729.108 Safari/537.36','Linux','2019-04-28 18:52:06'),(74,9,'Notgabs','Toutes les Ressources','Manager/resources',1,'Admin','127.0.0.1','Chrome 74.0.3729.108','Mozilla/5.0 (X11; Linux x86_64) AppleWebKit/537.36 (KHTML, like Gecko) Chrome/74.0.3729.108 Safari/537.36','Linux','2019-04-28 18:52:12'),(75,9,'Notgabs','Toutes les Ressources','Manager/resources',1,'Admin','127.0.0.1','Chrome 74.0.3729.108','Mozilla/5.0 (X11; Linux x86_64) AppleWebKit/537.36 (KHTML, like Gecko) Chrome/74.0.3729.108 Safari/537.36','Linux','2019-04-28 18:53:19'),(76,9,'Notgabs','Toutes les Ressources','Manager/resources',1,'Admin','127.0.0.1','Chrome 74.0.3729.108','Mozilla/5.0 (X11; Linux x86_64) AppleWebKit/537.36 (KHTML, like Gecko) Chrome/74.0.3729.108 Safari/537.36','Linux','2019-04-28 18:53:20'),(77,9,'Notgabs','Toutes les Ressources','Manager/resources',1,'Admin','127.0.0.1','Chrome 74.0.3729.108','Mozilla/5.0 (X11; Linux x86_64) AppleWebKit/537.36 (KHTML, like Gecko) Chrome/74.0.3729.108 Safari/537.36','Linux','2019-04-28 18:53:26'),(78,9,'Notgabs','Toutes les Ressources','Manager/resources',1,'Admin','127.0.0.1','Chrome 74.0.3729.108','Mozilla/5.0 (X11; Linux x86_64) AppleWebKit/537.36 (KHTML, like Gecko) Chrome/74.0.3729.108 Safari/537.36','Linux','2019-04-28 18:58:12'),(79,9,'Notgabs','Toutes les Ressources','Manager/resources',1,'Admin','127.0.0.1','Chrome 74.0.3729.108','Mozilla/5.0 (X11; Linux x86_64) AppleWebKit/537.36 (KHTML, like Gecko) Chrome/74.0.3729.108 Safari/537.36','Linux','2019-04-28 18:58:14'),(80,9,'Notgabs','Toutes les Ressources','Manager/resources',1,'Admin','127.0.0.1','Chrome 74.0.3729.108','Mozilla/5.0 (X11; Linux x86_64) AppleWebKit/537.36 (KHTML, like Gecko) Chrome/74.0.3729.108 Safari/537.36','Linux','2019-04-28 18:58:14'),(81,9,'Notgabs','Toutes les Ressources','Manager/resources',1,'Admin','127.0.0.1','Chrome 74.0.3729.108','Mozilla/5.0 (X11; Linux x86_64) AppleWebKit/537.36 (KHTML, like Gecko) Chrome/74.0.3729.108 Safari/537.36','Linux','2019-04-28 18:58:15'),(82,9,'Notgabs','Toutes les Ressources','Manager/resources',1,'Admin','127.0.0.1','Chrome 74.0.3729.108','Mozilla/5.0 (X11; Linux x86_64) AppleWebKit/537.36 (KHTML, like Gecko) Chrome/74.0.3729.108 Safari/537.36','Linux','2019-04-28 18:58:15'),(83,9,'Notgabs','Toutes les Ressources','Manager/resources',1,'Admin','127.0.0.1','Chrome 74.0.3729.108','Mozilla/5.0 (X11; Linux x86_64) AppleWebKit/537.36 (KHTML, like Gecko) Chrome/74.0.3729.108 Safari/537.36','Linux','2019-04-28 18:58:15'),(84,9,'Notgabs','Toutes les Ressources','Manager/resources',1,'Admin','127.0.0.1','Chrome 74.0.3729.108','Mozilla/5.0 (X11; Linux x86_64) AppleWebKit/537.36 (KHTML, like Gecko) Chrome/74.0.3729.108 Safari/537.36','Linux','2019-04-28 18:58:16'),(85,9,'Notgabs','Toutes les Ressources','Manager/resources',1,'Admin','127.0.0.1','Chrome 74.0.3729.108','Mozilla/5.0 (X11; Linux x86_64) AppleWebKit/537.36 (KHTML, like Gecko) Chrome/74.0.3729.108 Safari/537.36','Linux','2019-04-28 18:58:22'),(86,9,'Notgabs','Toutes les Ressources','Manager/resources',1,'Admin','127.0.0.1','Chrome 74.0.3729.108','Mozilla/5.0 (X11; Linux x86_64) AppleWebKit/537.36 (KHTML, like Gecko) Chrome/74.0.3729.108 Safari/537.36','Linux','2019-04-28 18:58:35'),(87,9,'Notgabs','Toutes les Ressources','Manager/resources',1,'Admin','127.0.0.1','Chrome 74.0.3729.108','Mozilla/5.0 (X11; Linux x86_64) AppleWebKit/537.36 (KHTML, like Gecko) Chrome/74.0.3729.108 Safari/537.36','Linux','2019-04-28 18:59:24'),(88,9,'Notgabs','Toutes les Ressources','Manager/resources',1,'Admin','127.0.0.1','Chrome 74.0.3729.108','Mozilla/5.0 (X11; Linux x86_64) AppleWebKit/537.36 (KHTML, like Gecko) Chrome/74.0.3729.108 Safari/537.36','Linux','2019-04-28 18:59:24'),(89,9,'Notgabs','Toutes les Ressources','Manager/resources',1,'Admin','127.0.0.1','Chrome 74.0.3729.108','Mozilla/5.0 (X11; Linux x86_64) AppleWebKit/537.36 (KHTML, like Gecko) Chrome/74.0.3729.108 Safari/537.36','Linux','2019-04-28 18:59:25'),(90,9,'Notgabs','Toutes les Ressources','Manager/resources',1,'Admin','127.0.0.1','Chrome 74.0.3729.108','Mozilla/5.0 (X11; Linux x86_64) AppleWebKit/537.36 (KHTML, like Gecko) Chrome/74.0.3729.108 Safari/537.36','Linux','2019-04-28 18:59:25'),(91,9,'Notgabs','Toutes les Ressources','Manager/resources',1,'Admin','127.0.0.1','Chrome 74.0.3729.108','Mozilla/5.0 (X11; Linux x86_64) AppleWebKit/537.36 (KHTML, like Gecko) Chrome/74.0.3729.108 Safari/537.36','Linux','2019-04-28 19:06:30'),(92,9,'Notgabs','Toutes les Ressources','Manager/resources',1,'Admin','127.0.0.1','Chrome 74.0.3729.108','Mozilla/5.0 (X11; Linux x86_64) AppleWebKit/537.36 (KHTML, like Gecko) Chrome/74.0.3729.108 Safari/537.36','Linux','2019-04-28 19:06:31'),(93,9,'Notgabs','Toutes les Ressources','Manager/resources',1,'Admin','127.0.0.1','Chrome 74.0.3729.108','Mozilla/5.0 (X11; Linux x86_64) AppleWebKit/537.36 (KHTML, like Gecko) Chrome/74.0.3729.108 Safari/537.36','Linux','2019-04-28 19:06:32'),(94,9,'Notgabs','Toutes les Ressources','Manager/resources',1,'Admin','127.0.0.1','Chrome 74.0.3729.108','Mozilla/5.0 (X11; Linux x86_64) AppleWebKit/537.36 (KHTML, like Gecko) Chrome/74.0.3729.108 Safari/537.36','Linux','2019-04-28 19:06:33'),(95,9,'Notgabs','Toutes les Ressources','Manager/resources',1,'Admin','127.0.0.1','Chrome 74.0.3729.108','Mozilla/5.0 (X11; Linux x86_64) AppleWebKit/537.36 (KHTML, like Gecko) Chrome/74.0.3729.108 Safari/537.36','Linux','2019-04-28 19:06:35'),(96,9,'Notgabs','Toutes les Ressources','Manager/resources',1,'Admin','127.0.0.1','Chrome 74.0.3729.108','Mozilla/5.0 (X11; Linux x86_64) AppleWebKit/537.36 (KHTML, like Gecko) Chrome/74.0.3729.108 Safari/537.36','Linux','2019-04-28 19:07:57'),(97,9,'Notgabs','Toutes les Ressources','Manager/resources',1,'Admin','127.0.0.1','Chrome 74.0.3729.108','Mozilla/5.0 (X11; Linux x86_64) AppleWebKit/537.36 (KHTML, like Gecko) Chrome/74.0.3729.108 Safari/537.36','Linux','2019-04-28 19:07:58'),(98,9,'Notgabs','Toutes les Ressources','Manager/resources',1,'Admin','127.0.0.1','Chrome 74.0.3729.108','Mozilla/5.0 (X11; Linux x86_64) AppleWebKit/537.36 (KHTML, like Gecko) Chrome/74.0.3729.108 Safari/537.36','Linux','2019-04-28 19:08:00'),(99,9,'Notgabs','Ajouter une ressource','Manager/addNewResource',1,'Admin','127.0.0.1','Chrome 74.0.3729.108','Mozilla/5.0 (X11; Linux x86_64) AppleWebKit/537.36 (KHTML, like Gecko) Chrome/74.0.3729.108 Safari/537.36','Linux','2019-04-28 19:08:07'),(100,9,'Notgabs','Toutes les Ressources','Manager/resources',1,'Admin','127.0.0.1','Chrome 74.0.3729.108','Mozilla/5.0 (X11; Linux x86_64) AppleWebKit/537.36 (KHTML, like Gecko) Chrome/74.0.3729.108 Safari/537.36','Linux','2019-04-28 19:08:09'),(101,9,'Notgabs','Edition de ressource','Manager/editResource',1,'Admin','127.0.0.1','Chrome 74.0.3729.108','Mozilla/5.0 (X11; Linux x86_64) AppleWebKit/537.36 (KHTML, like Gecko) Chrome/74.0.3729.108 Safari/537.36','Linux','2019-04-28 19:08:19'),(102,9,'Notgabs','Toutes les Ressources','Manager/resources',1,'Admin','127.0.0.1','Chrome 74.0.3729.108','Mozilla/5.0 (X11; Linux x86_64) AppleWebKit/537.36 (KHTML, like Gecko) Chrome/74.0.3729.108 Safari/537.36','Linux','2019-04-28 19:08:19'),(103,9,'Notgabs','Görev Silme','Manager/deleteResource',1,'Admin','127.0.0.1','Chrome 74.0.3729.108','Mozilla/5.0 (X11; Linux x86_64) AppleWebKit/537.36 (KHTML, like Gecko) Chrome/74.0.3729.108 Safari/537.36','Linux','2019-04-28 19:08:22'),(104,9,'Notgabs','Toutes les Ressources','Manager/resources',1,'Admin','127.0.0.1','Chrome 74.0.3729.108','Mozilla/5.0 (X11; Linux x86_64) AppleWebKit/537.36 (KHTML, like Gecko) Chrome/74.0.3729.108 Safari/537.36','Linux','2019-04-28 19:08:22'),(105,9,'Notgabs','Görev Silme','Manager/deleteResource',1,'Admin','127.0.0.1','Chrome 74.0.3729.108','Mozilla/5.0 (X11; Linux x86_64) AppleWebKit/537.36 (KHTML, like Gecko) Chrome/74.0.3729.108 Safari/537.36','Linux','2019-04-28 19:08:25'),(106,9,'Notgabs','Toutes les Ressources','Manager/resources',1,'Admin','127.0.0.1','Chrome 74.0.3729.108','Mozilla/5.0 (X11; Linux x86_64) AppleWebKit/537.36 (KHTML, like Gecko) Chrome/74.0.3729.108 Safari/537.36','Linux','2019-04-28 19:08:25'),(107,9,'Notgabs','Toutes les Ressources','Manager/resources',1,'Admin','127.0.0.1','Chrome 74.0.3729.108','Mozilla/5.0 (X11; Linux x86_64) AppleWebKit/537.36 (KHTML, like Gecko) Chrome/74.0.3729.108 Safari/537.36','Linux','2019-04-28 19:15:03'),(108,9,'Notgabs','Toutes les Ressources','Manager/resources',1,'Admin','127.0.0.1','Chrome 74.0.3729.108','Mozilla/5.0 (X11; Linux x86_64) AppleWebKit/537.36 (KHTML, like Gecko) Chrome/74.0.3729.108 Safari/537.36','Linux','2019-04-28 19:15:08'),(109,9,'Notgabs','Toutes les Ressources','Manager/resources',1,'Admin','127.0.0.1','Chrome 74.0.3729.108','Mozilla/5.0 (X11; Linux x86_64) AppleWebKit/537.36 (KHTML, like Gecko) Chrome/74.0.3729.108 Safari/537.36','Linux','2019-04-28 19:20:44'),(110,9,'Notgabs','Toutes les Ressources','Manager/resources',1,'Admin','127.0.0.1','Chrome 74.0.3729.108','Mozilla/5.0 (X11; Linux x86_64) AppleWebKit/537.36 (KHTML, like Gecko) Chrome/74.0.3729.108 Safari/537.36','Linux','2019-04-28 19:20:47'),(111,9,'Notgabs','Toutes les Ressources','Manager/resources',1,'Admin','127.0.0.1','Chrome 74.0.3729.108','Mozilla/5.0 (X11; Linux x86_64) AppleWebKit/537.36 (KHTML, like Gecko) Chrome/74.0.3729.108 Safari/537.36','Linux','2019-04-28 19:20:49'),(112,9,'Notgabs','Toutes les Ressources','Manager/resources',1,'Admin','127.0.0.1','Chrome 74.0.3729.108','Mozilla/5.0 (X11; Linux x86_64) AppleWebKit/537.36 (KHTML, like Gecko) Chrome/74.0.3729.108 Safari/537.36','Linux','2019-04-28 19:20:52'),(113,9,'Notgabs','Ajouter une ressource','Manager/addNewResource',1,'Admin','127.0.0.1','Chrome 74.0.3729.108','Mozilla/5.0 (X11; Linux x86_64) AppleWebKit/537.36 (KHTML, like Gecko) Chrome/74.0.3729.108 Safari/537.36','Linux','2019-04-28 19:21:00'),(114,9,'Notgabs','Toutes les Ressources','Manager/resources',1,'Admin','127.0.0.1','Chrome 74.0.3729.108','Mozilla/5.0 (X11; Linux x86_64) AppleWebKit/537.36 (KHTML, like Gecko) Chrome/74.0.3729.108 Safari/537.36','Linux','2019-04-28 19:21:02'),(115,9,'Notgabs','Toutes les Ressources','Manager/resources',1,'Admin','127.0.0.1','Chrome 74.0.3729.108','Mozilla/5.0 (X11; Linux x86_64) AppleWebKit/537.36 (KHTML, like Gecko) Chrome/74.0.3729.108 Safari/537.36','Linux','2019-04-28 19:23:29'),(116,9,'Notgabs','Toutes les Ressources','Manager/resources',1,'Admin','127.0.0.1','Chrome 74.0.3729.108','Mozilla/5.0 (X11; Linux x86_64) AppleWebKit/537.36 (KHTML, like Gecko) Chrome/74.0.3729.108 Safari/537.36','Linux','2019-04-28 19:23:31'),(117,9,'Notgabs','Toutes les Ressources','Manager/resources',1,'Admin','127.0.0.1','Chrome 74.0.3729.108','Mozilla/5.0 (X11; Linux x86_64) AppleWebKit/537.36 (KHTML, like Gecko) Chrome/74.0.3729.108 Safari/537.36','Linux','2019-04-28 19:23:32'),(118,9,'Notgabs','Toutes les Ressources','Manager/resources',1,'Admin','127.0.0.1','Chrome 74.0.3729.108','Mozilla/5.0 (X11; Linux x86_64) AppleWebKit/537.36 (KHTML, like Gecko) Chrome/74.0.3729.108 Safari/537.36','Linux','2019-04-28 19:23:33'),(119,9,'Notgabs','Toutes les Ressources','Manager/resources',1,'Admin','127.0.0.1','Chrome 74.0.3729.108','Mozilla/5.0 (X11; Linux x86_64) AppleWebKit/537.36 (KHTML, like Gecko) Chrome/74.0.3729.108 Safari/537.36','Linux','2019-04-28 19:23:33'),(120,9,'Notgabs','Toutes les Ressources','Manager/resources',1,'Admin','127.0.0.1','Chrome 74.0.3729.108','Mozilla/5.0 (X11; Linux x86_64) AppleWebKit/537.36 (KHTML, like Gecko) Chrome/74.0.3729.108 Safari/537.36','Linux','2019-04-28 19:23:33'),(121,9,'Notgabs','Toutes les Ressources','Manager/resources',1,'Admin','127.0.0.1','Chrome 74.0.3729.108','Mozilla/5.0 (X11; Linux x86_64) AppleWebKit/537.36 (KHTML, like Gecko) Chrome/74.0.3729.108 Safari/537.36','Linux','2019-04-28 19:25:29'),(122,9,'Notgabs','Toutes les Ressources','Manager/resources',1,'Admin','127.0.0.1','Chrome 74.0.3729.108','Mozilla/5.0 (X11; Linux x86_64) AppleWebKit/537.36 (KHTML, like Gecko) Chrome/74.0.3729.108 Safari/537.36','Linux','2019-04-28 19:25:30'),(123,9,'Notgabs','Toutes les Ressources','Manager/resources',1,'Admin','127.0.0.1','Chrome 74.0.3729.108','Mozilla/5.0 (X11; Linux x86_64) AppleWebKit/537.36 (KHTML, like Gecko) Chrome/74.0.3729.108 Safari/537.36','Linux','2019-04-28 19:25:32'),(124,9,'Notgabs','Toutes les Ressources','Manager/resources',1,'Admin','127.0.0.1','Chrome 74.0.3729.108','Mozilla/5.0 (X11; Linux x86_64) AppleWebKit/537.36 (KHTML, like Gecko) Chrome/74.0.3729.108 Safari/537.36','Linux','2019-04-28 19:25:34'),(125,9,'Notgabs','Toutes les Ressources','Manager/resources',1,'Admin','127.0.0.1','Chrome 74.0.3729.108','Mozilla/5.0 (X11; Linux x86_64) AppleWebKit/537.36 (KHTML, like Gecko) Chrome/74.0.3729.108 Safari/537.36','Linux','2019-04-28 19:29:34'),(126,9,'Notgabs','Ajouter une ressource','Manager/addNewResource',1,'Admin','127.0.0.1','Chrome 74.0.3729.108','Mozilla/5.0 (X11; Linux x86_64) AppleWebKit/537.36 (KHTML, like Gecko) Chrome/74.0.3729.108 Safari/537.36','Linux','2019-04-28 19:29:43'),(127,9,'Notgabs','Toutes les Ressources','Manager/resources',1,'Admin','127.0.0.1','Chrome 74.0.3729.108','Mozilla/5.0 (X11; Linux x86_64) AppleWebKit/537.36 (KHTML, like Gecko) Chrome/74.0.3729.108 Safari/537.36','Linux','2019-04-28 19:30:05'),(128,9,'Notgabs','Toutes les Ressources','Manager/resources',1,'Admin','127.0.0.1','Chrome 74.0.3729.108','Mozilla/5.0 (X11; Linux x86_64) AppleWebKit/537.36 (KHTML, like Gecko) Chrome/74.0.3729.108 Safari/537.36','Linux','2019-04-28 19:30:19'),(129,9,'Notgabs','Toutes les Ressources','Manager/resources',1,'Admin','127.0.0.1','Chrome 74.0.3729.108','Mozilla/5.0 (X11; Linux x86_64) AppleWebKit/537.36 (KHTML, like Gecko) Chrome/74.0.3729.108 Safari/537.36','Linux','2019-04-28 19:31:11'),(130,9,'Notgabs','Toutes les Ressources','Manager/resources',1,'Admin','127.0.0.1','Chrome 74.0.3729.108','Mozilla/5.0 (X11; Linux x86_64) AppleWebKit/537.36 (KHTML, like Gecko) Chrome/74.0.3729.108 Safari/537.36','Linux','2019-04-28 19:34:27'),(131,9,'Notgabs','Toutes les Ressources','Manager/resources',1,'Admin','127.0.0.1','Chrome 74.0.3729.108','Mozilla/5.0 (X11; Linux x86_64) AppleWebKit/537.36 (KHTML, like Gecko) Chrome/74.0.3729.108 Safari/537.36','Linux','2019-04-28 19:34:37'),(132,9,'Notgabs','Erreur','Login/error',1,'Admin','127.0.0.1','Chrome 74.0.3729.108','Mozilla/5.0 (X11; Linux x86_64) AppleWebKit/537.36 (KHTML, like Gecko) Chrome/74.0.3729.108 Safari/537.36','Linux','2019-04-28 19:37:07'),(133,9,'Notgabs','Toutes les Ressources','Manager/resources',1,'Admin','127.0.0.1','Chrome 74.0.3729.108','Mozilla/5.0 (X11; Linux x86_64) AppleWebKit/537.36 (KHTML, like Gecko) Chrome/74.0.3729.108 Safari/537.36','Linux','2019-04-28 19:38:43'),(134,9,'Notgabs','Toutes les Ressources','Manager/resources',1,'Admin','127.0.0.1','Chrome 74.0.3729.108','Mozilla/5.0 (X11; Linux x86_64) AppleWebKit/537.36 (KHTML, like Gecko) Chrome/74.0.3729.108 Safari/537.36','Linux','2019-04-28 19:40:46'),(135,9,'Notgabs','Toutes les Ressources','Manager/resources',1,'Admin','127.0.0.1','Chrome 74.0.3729.108','Mozilla/5.0 (X11; Linux x86_64) AppleWebKit/537.36 (KHTML, like Gecko) Chrome/74.0.3729.108 Safari/537.36','Linux','2019-04-28 19:42:26'),(136,9,'Notgabs','Giriş','Login/loginMe',1,'Admin','127.0.0.1','Chrome 74.0.3729.108','Mozilla/5.0 (X11; Linux x86_64) AppleWebKit/537.36 (KHTML, like Gecko) Chrome/74.0.3729.108 Safari/537.36','Linux','2019-04-28 21:53:08'),(137,9,'Notgabs','Toutes les Ressources','Manager/resources',1,'Admin','127.0.0.1','Chrome 74.0.3729.108','Mozilla/5.0 (X11; Linux x86_64) AppleWebKit/537.36 (KHTML, like Gecko) Chrome/74.0.3729.108 Safari/537.36','Linux','2019-04-28 21:57:56'),(138,9,'Notgabs','Toutes les Ressources','Manager/resources',1,'Admin','127.0.0.1','Chrome 74.0.3729.108','Mozilla/5.0 (X11; Linux x86_64) AppleWebKit/537.36 (KHTML, like Gecko) Chrome/74.0.3729.108 Safari/537.36','Linux','2019-04-28 21:59:00'),(139,9,'Notgabs','Toutes les Ressources','Manager/resources',1,'Admin','127.0.0.1','Chrome 74.0.3729.108','Mozilla/5.0 (X11; Linux x86_64) AppleWebKit/537.36 (KHTML, like Gecko) Chrome/74.0.3729.108 Safari/537.36','Linux','2019-04-28 22:00:08'),(140,9,'Notgabs','Toutes les Ressources','Manager/resources',1,'Admin','127.0.0.1','Chrome 74.0.3729.108','Mozilla/5.0 (X11; Linux x86_64) AppleWebKit/537.36 (KHTML, like Gecko) Chrome/74.0.3729.108 Safari/537.36','Linux','2019-04-28 22:03:38'),(141,9,'Notgabs','Toutes les Ressources','Manager/resources',1,'Admin','127.0.0.1','Chrome 74.0.3729.108','Mozilla/5.0 (X11; Linux x86_64) AppleWebKit/537.36 (KHTML, like Gecko) Chrome/74.0.3729.108 Safari/537.36','Linux','2019-04-28 22:03:40'),(142,9,'Notgabs','Ajouter une ressource','Manager/addNewResource',1,'Admin','127.0.0.1','Chrome 74.0.3729.108','Mozilla/5.0 (X11; Linux x86_64) AppleWebKit/537.36 (KHTML, like Gecko) Chrome/74.0.3729.108 Safari/537.36','Linux','2019-04-28 22:18:13'),(143,9,'Notgabs','Toutes les Ressources','Manager/resources',1,'Admin','127.0.0.1','Chrome 74.0.3729.108','Mozilla/5.0 (X11; Linux x86_64) AppleWebKit/537.36 (KHTML, like Gecko) Chrome/74.0.3729.108 Safari/537.36','Linux','2019-04-28 22:18:17'),(144,9,'Notgabs','Ajouter une ressource','Manager/addNewResource',1,'Admin','127.0.0.1','Chrome 74.0.3729.108','Mozilla/5.0 (X11; Linux x86_64) AppleWebKit/537.36 (KHTML, like Gecko) Chrome/74.0.3729.108 Safari/537.36','Linux','2019-04-28 22:25:49'),(145,9,'Notgabs','Toutes les Ressources','Manager/resources',1,'Admin','127.0.0.1','Chrome 74.0.3729.108','Mozilla/5.0 (X11; Linux x86_64) AppleWebKit/537.36 (KHTML, like Gecko) Chrome/74.0.3729.108 Safari/537.36','Linux','2019-04-28 22:25:53'),(146,9,'Notgabs','Ajouter une ressource','Manager/addNewResource',1,'Admin','127.0.0.1','Chrome 74.0.3729.108','Mozilla/5.0 (X11; Linux x86_64) AppleWebKit/537.36 (KHTML, like Gecko) Chrome/74.0.3729.108 Safari/537.36','Linux','2019-04-28 22:30:38'),(147,9,'Notgabs','Toutes les Ressources','Manager/resources',1,'Admin','127.0.0.1','Chrome 74.0.3729.108','Mozilla/5.0 (X11; Linux x86_64) AppleWebKit/537.36 (KHTML, like Gecko) Chrome/74.0.3729.108 Safari/537.36','Linux','2019-04-28 22:30:41'),(148,9,'Notgabs','Toutes les Ressources','Manager/resources',1,'Admin','127.0.0.1','Chrome 74.0.3729.108','Mozilla/5.0 (X11; Linux x86_64) AppleWebKit/537.36 (KHTML, like Gecko) Chrome/74.0.3729.108 Safari/537.36','Linux','2019-04-28 22:49:48'),(149,9,'Notgabs','Toutes les Ressources','Manager/resources',1,'Admin','127.0.0.1','Chrome 74.0.3729.108','Mozilla/5.0 (X11; Linux x86_64) AppleWebKit/537.36 (KHTML, like Gecko) Chrome/74.0.3729.108 Safari/537.36','Linux','2019-04-28 22:50:07'),(150,9,'Notgabs','Toutes les Ressources','Manager/resources',1,'Admin','127.0.0.1','Chrome 74.0.3729.108','Mozilla/5.0 (X11; Linux x86_64) AppleWebKit/537.36 (KHTML, like Gecko) Chrome/74.0.3729.108 Safari/537.36','Linux','2019-04-28 22:55:08'),(151,9,'Notgabs','Toutes les Ressources','Manager/resources',1,'Admin','127.0.0.1','Chrome 74.0.3729.108','Mozilla/5.0 (X11; Linux x86_64) AppleWebKit/537.36 (KHTML, like Gecko) Chrome/74.0.3729.108 Safari/537.36','Linux','2019-04-28 22:56:55'),(152,9,'Notgabs','Edition de ressource','Manager/editResource',1,'Admin','127.0.0.1','Chrome 74.0.3729.108','Mozilla/5.0 (X11; Linux x86_64) AppleWebKit/537.36 (KHTML, like Gecko) Chrome/74.0.3729.108 Safari/537.36','Linux','2019-04-28 22:57:08'),(153,9,'Notgabs','Toutes les Ressources','Manager/resources',1,'Admin','127.0.0.1','Chrome 74.0.3729.108','Mozilla/5.0 (X11; Linux x86_64) AppleWebKit/537.36 (KHTML, like Gecko) Chrome/74.0.3729.108 Safari/537.36','Linux','2019-04-28 22:57:08'),(154,9,'Notgabs','Edition de ressource','Manager/editResource',1,'Admin','127.0.0.1','Chrome 74.0.3729.108','Mozilla/5.0 (X11; Linux x86_64) AppleWebKit/537.36 (KHTML, like Gecko) Chrome/74.0.3729.108 Safari/537.36','Linux','2019-04-28 22:57:26'),(155,9,'Notgabs','Toutes les Ressources','Manager/resources',1,'Admin','127.0.0.1','Chrome 74.0.3729.108','Mozilla/5.0 (X11; Linux x86_64) AppleWebKit/537.36 (KHTML, like Gecko) Chrome/74.0.3729.108 Safari/537.36','Linux','2019-04-28 22:57:26'),(156,9,'Notgabs','Toutes les Ressources','Manager/resources',1,'Admin','127.0.0.1','Chrome 74.0.3729.108','Mozilla/5.0 (X11; Linux x86_64) AppleWebKit/537.36 (KHTML, like Gecko) Chrome/74.0.3729.108 Safari/537.36','Linux','2019-04-28 23:07:28'),(157,9,'Notgabs','Toutes les Ressources','Manager/resources',1,'Admin','127.0.0.1','Chrome 74.0.3729.108','Mozilla/5.0 (X11; Linux x86_64) AppleWebKit/537.36 (KHTML, like Gecko) Chrome/74.0.3729.108 Safari/537.36','Linux','2019-04-28 23:07:29'),(158,9,'Notgabs','Toutes les Ressources','Manager/resources',1,'Admin','127.0.0.1','Chrome 74.0.3729.108','Mozilla/5.0 (X11; Linux x86_64) AppleWebKit/537.36 (KHTML, like Gecko) Chrome/74.0.3729.108 Safari/537.36','Linux','2019-04-28 23:07:30'),(159,9,'Notgabs','Toutes les Ressources','Manager/resources',1,'Admin','127.0.0.1','Chrome 74.0.3729.108','Mozilla/5.0 (X11; Linux x86_64) AppleWebKit/537.36 (KHTML, like Gecko) Chrome/74.0.3729.108 Safari/537.36','Linux','2019-04-28 23:07:41'),(160,9,'Notgabs','Toutes les Ressources','Manager/resources',1,'Admin','127.0.0.1','Chrome 74.0.3729.108','Mozilla/5.0 (X11; Linux x86_64) AppleWebKit/537.36 (KHTML, like Gecko) Chrome/74.0.3729.108 Safari/537.36','Linux','2019-04-28 23:10:35'),(161,9,'Notgabs','Toutes les Ressources','Manager/resources',1,'Admin','127.0.0.1','Chrome 74.0.3729.108','Mozilla/5.0 (X11; Linux x86_64) AppleWebKit/537.36 (KHTML, like Gecko) Chrome/74.0.3729.108 Safari/537.36','Linux','2019-04-28 23:10:44'),(162,9,'Notgabs','Toutes les Ressources','Manager/resources',1,'Admin','127.0.0.1','Chrome 74.0.3729.108','Mozilla/5.0 (X11; Linux x86_64) AppleWebKit/537.36 (KHTML, like Gecko) Chrome/74.0.3729.108 Safari/537.36','Linux','2019-04-28 23:12:03'),(163,9,'Notgabs','Toutes les Ressources','Manager/resources',1,'Admin','127.0.0.1','Chrome 74.0.3729.108','Mozilla/5.0 (X11; Linux x86_64) AppleWebKit/537.36 (KHTML, like Gecko) Chrome/74.0.3729.108 Safari/537.36','Linux','2019-04-28 23:13:25'),(164,9,'Notgabs','Toutes les Ressources','Manager/resources',1,'Admin','127.0.0.1','Chrome 74.0.3729.108','Mozilla/5.0 (X11; Linux x86_64) AppleWebKit/537.36 (KHTML, like Gecko) Chrome/74.0.3729.108 Safari/537.36','Linux','2019-04-28 23:14:48'),(165,9,'Notgabs','Toutes les Ressources','Manager/resources',1,'Admin','127.0.0.1','Chrome 74.0.3729.108','Mozilla/5.0 (X11; Linux x86_64) AppleWebKit/537.36 (KHTML, like Gecko) Chrome/74.0.3729.108 Safari/537.36','Linux','2019-04-28 23:17:29'),(166,9,'Notgabs','Toutes les Ressources','Manager/resources',1,'Admin','127.0.0.1','Chrome 74.0.3729.108','Mozilla/5.0 (X11; Linux x86_64) AppleWebKit/537.36 (KHTML, like Gecko) Chrome/74.0.3729.108 Safari/537.36','Linux','2019-04-28 23:17:37'),(167,9,'Notgabs','Edition de ressource','Manager/editResource',1,'Admin','127.0.0.1','Chrome 74.0.3729.108','Mozilla/5.0 (X11; Linux x86_64) AppleWebKit/537.36 (KHTML, like Gecko) Chrome/74.0.3729.108 Safari/537.36','Linux','2019-04-28 23:17:47'),(168,9,'Notgabs','Toutes les Ressources','Manager/resources',1,'Admin','127.0.0.1','Chrome 74.0.3729.108','Mozilla/5.0 (X11; Linux x86_64) AppleWebKit/537.36 (KHTML, like Gecko) Chrome/74.0.3729.108 Safari/537.36','Linux','2019-04-28 23:17:47'),(169,9,'Notgabs','Edition de ressource','Manager/editResource',1,'Admin','127.0.0.1','Chrome 74.0.3729.108','Mozilla/5.0 (X11; Linux x86_64) AppleWebKit/537.36 (KHTML, like Gecko) Chrome/74.0.3729.108 Safari/537.36','Linux','2019-04-28 23:17:59'),(170,9,'Notgabs','Toutes les Ressources','Manager/resources',1,'Admin','127.0.0.1','Chrome 74.0.3729.108','Mozilla/5.0 (X11; Linux x86_64) AppleWebKit/537.36 (KHTML, like Gecko) Chrome/74.0.3729.108 Safari/537.36','Linux','2019-04-28 23:17:59'),(171,9,'Notgabs','Toutes les Ressources','Manager/resources',1,'Admin','127.0.0.1','Chrome 74.0.3729.108','Mozilla/5.0 (X11; Linux x86_64) AppleWebKit/537.36 (KHTML, like Gecko) Chrome/74.0.3729.108 Safari/537.36','Linux','2019-04-28 23:18:07'),(172,9,'Notgabs','Edition de ressource','Manager/editResource',1,'Admin','127.0.0.1','Chrome 74.0.3729.108','Mozilla/5.0 (X11; Linux x86_64) AppleWebKit/537.36 (KHTML, like Gecko) Chrome/74.0.3729.108 Safari/537.36','Linux','2019-04-28 23:18:19'),(173,9,'Notgabs','Toutes les Ressources','Manager/resources',1,'Admin','127.0.0.1','Chrome 74.0.3729.108','Mozilla/5.0 (X11; Linux x86_64) AppleWebKit/537.36 (KHTML, like Gecko) Chrome/74.0.3729.108 Safari/537.36','Linux','2019-04-28 23:18:19'),(174,9,'Notgabs','Ajouter une ressource','Manager/addNewResource',1,'Admin','127.0.0.1','Chrome 74.0.3729.108','Mozilla/5.0 (X11; Linux x86_64) AppleWebKit/537.36 (KHTML, like Gecko) Chrome/74.0.3729.108 Safari/537.36','Linux','2019-04-28 23:26:29'),(175,9,'Notgabs','Toutes les Ressources','Manager/resources',1,'Admin','127.0.0.1','Chrome 74.0.3729.108','Mozilla/5.0 (X11; Linux x86_64) AppleWebKit/537.36 (KHTML, like Gecko) Chrome/74.0.3729.108 Safari/537.36','Linux','2019-04-28 23:26:31'),(176,9,'Notgabs','Toutes les Ressources','Manager/resources',1,'Admin','127.0.0.1','Chrome 74.0.3729.108','Mozilla/5.0 (X11; Linux x86_64) AppleWebKit/537.36 (KHTML, like Gecko) Chrome/74.0.3729.108 Safari/537.36','Linux','2019-04-28 23:27:00'),(177,9,'Notgabs','Toutes les Ressources','Manager/resources',1,'Admin','127.0.0.1','Chrome 74.0.3729.108','Mozilla/5.0 (X11; Linux x86_64) AppleWebKit/537.36 (KHTML, like Gecko) Chrome/74.0.3729.108 Safari/537.36','Linux','2019-04-28 23:27:08'),(178,9,'Notgabs','Toutes les Ressources','Manager/resources',1,'Admin','127.0.0.1','Chrome 74.0.3729.108','Mozilla/5.0 (X11; Linux x86_64) AppleWebKit/537.36 (KHTML, like Gecko) Chrome/74.0.3729.108 Safari/537.36','Linux','2019-04-28 23:27:11'),(179,9,'Notgabs','Suprpession de ressources','Manager/deleteResource',1,'Admin','127.0.0.1','Chrome 74.0.3729.108','Mozilla/5.0 (X11; Linux x86_64) AppleWebKit/537.36 (KHTML, like Gecko) Chrome/74.0.3729.108 Safari/537.36','Linux','2019-04-28 23:27:50'),(180,9,'Notgabs','Toutes les Ressources','Manager/resources',1,'Admin','127.0.0.1','Chrome 74.0.3729.108','Mozilla/5.0 (X11; Linux x86_64) AppleWebKit/537.36 (KHTML, like Gecko) Chrome/74.0.3729.108 Safari/537.36','Linux','2019-04-28 23:27:50'),(181,9,'Notgabs','Suprpession de ressources','Manager/deleteResource',1,'Admin','127.0.0.1','Chrome 74.0.3729.108','Mozilla/5.0 (X11; Linux x86_64) AppleWebKit/537.36 (KHTML, like Gecko) Chrome/74.0.3729.108 Safari/537.36','Linux','2019-04-28 23:27:52'),(182,9,'Notgabs','Toutes les Ressources','Manager/resources',1,'Admin','127.0.0.1','Chrome 74.0.3729.108','Mozilla/5.0 (X11; Linux x86_64) AppleWebKit/537.36 (KHTML, like Gecko) Chrome/74.0.3729.108 Safari/537.36','Linux','2019-04-28 23:27:52'),(183,9,'Notgabs','Suprpession de ressources','Manager/deleteResource',1,'Admin','127.0.0.1','Chrome 74.0.3729.108','Mozilla/5.0 (X11; Linux x86_64) AppleWebKit/537.36 (KHTML, like Gecko) Chrome/74.0.3729.108 Safari/537.36','Linux','2019-04-28 23:27:54'),(184,9,'Notgabs','Toutes les Ressources','Manager/resources',1,'Admin','127.0.0.1','Chrome 74.0.3729.108','Mozilla/5.0 (X11; Linux x86_64) AppleWebKit/537.36 (KHTML, like Gecko) Chrome/74.0.3729.108 Safari/537.36','Linux','2019-04-28 23:27:54'),(185,9,'Notgabs','Edition de ressource','Manager/editResource',1,'Admin','127.0.0.1','Chrome 74.0.3729.108','Mozilla/5.0 (X11; Linux x86_64) AppleWebKit/537.36 (KHTML, like Gecko) Chrome/74.0.3729.108 Safari/537.36','Linux','2019-04-28 23:28:03'),(186,9,'Notgabs','Toutes les Ressources','Manager/resources',1,'Admin','127.0.0.1','Chrome 74.0.3729.108','Mozilla/5.0 (X11; Linux x86_64) AppleWebKit/537.36 (KHTML, like Gecko) Chrome/74.0.3729.108 Safari/537.36','Linux','2019-04-28 23:28:03'),(187,9,'Notgabs','Edition de ressource','Manager/editResource',1,'Admin','127.0.0.1','Chrome 74.0.3729.108','Mozilla/5.0 (X11; Linux x86_64) AppleWebKit/537.36 (KHTML, like Gecko) Chrome/74.0.3729.108 Safari/537.36','Linux','2019-04-28 23:28:12'),(188,9,'Notgabs','Toutes les Ressources','Manager/resources',1,'Admin','127.0.0.1','Chrome 74.0.3729.108','Mozilla/5.0 (X11; Linux x86_64) AppleWebKit/537.36 (KHTML, like Gecko) Chrome/74.0.3729.108 Safari/537.36','Linux','2019-04-28 23:28:12'),(189,9,'Notgabs','Edition de ressource','Manager/editResource',1,'Admin','127.0.0.1','Chrome 74.0.3729.108','Mozilla/5.0 (X11; Linux x86_64) AppleWebKit/537.36 (KHTML, like Gecko) Chrome/74.0.3729.108 Safari/537.36','Linux','2019-04-28 23:28:20'),(190,9,'Notgabs','Toutes les Ressources','Manager/resources',1,'Admin','127.0.0.1','Chrome 74.0.3729.108','Mozilla/5.0 (X11; Linux x86_64) AppleWebKit/537.36 (KHTML, like Gecko) Chrome/74.0.3729.108 Safari/537.36','Linux','2019-04-28 23:28:20'),(191,9,'Notgabs','Edition de ressource','Manager/editResource',1,'Admin','127.0.0.1','Chrome 74.0.3729.108','Mozilla/5.0 (X11; Linux x86_64) AppleWebKit/537.36 (KHTML, like Gecko) Chrome/74.0.3729.108 Safari/537.36','Linux','2019-04-28 23:28:27'),(192,9,'Notgabs','Toutes les Ressources','Manager/resources',1,'Admin','127.0.0.1','Chrome 74.0.3729.108','Mozilla/5.0 (X11; Linux x86_64) AppleWebKit/537.36 (KHTML, like Gecko) Chrome/74.0.3729.108 Safari/537.36','Linux','2019-04-28 23:28:27'),(193,9,'Notgabs','Toutes les Ressources','Manager/resources',1,'Admin','127.0.0.1','Chrome 74.0.3729.108','Mozilla/5.0 (X11; Linux x86_64) AppleWebKit/537.36 (KHTML, like Gecko) Chrome/74.0.3729.108 Safari/537.36','Linux','2019-04-28 23:30:32'),(194,9,'Notgabs','Toutes les Ressources','Manager/resources',1,'Admin','127.0.0.1','Chrome 74.0.3729.108','Mozilla/5.0 (X11; Linux x86_64) AppleWebKit/537.36 (KHTML, like Gecko) Chrome/74.0.3729.108 Safari/537.36','Linux','2019-04-28 23:30:54'),(195,9,'Notgabs','Edition de ressource','Manager/editResource',1,'Admin','127.0.0.1','Chrome 74.0.3729.108','Mozilla/5.0 (X11; Linux x86_64) AppleWebKit/537.36 (KHTML, like Gecko) Chrome/74.0.3729.108 Safari/537.36','Linux','2019-04-28 23:31:06'),(196,9,'Notgabs','Toutes les Ressources','Manager/resources',1,'Admin','127.0.0.1','Chrome 74.0.3729.108','Mozilla/5.0 (X11; Linux x86_64) AppleWebKit/537.36 (KHTML, like Gecko) Chrome/74.0.3729.108 Safari/537.36','Linux','2019-04-28 23:31:06'),(197,9,'Notgabs','Toutes les Ressources','Manager/resources',1,'Admin','127.0.0.1','Chrome 74.0.3729.108','Mozilla/5.0 (X11; Linux x86_64) AppleWebKit/537.36 (KHTML, like Gecko) Chrome/74.0.3729.108 Safari/537.36','Linux','2019-04-28 23:31:13'),(198,9,'Notgabs','Toutes les Ressources','Manager/resources',1,'Admin','127.0.0.1','Chrome 74.0.3729.108','Mozilla/5.0 (X11; Linux x86_64) AppleWebKit/537.36 (KHTML, like Gecko) Chrome/74.0.3729.108 Safari/537.36','Linux','2019-04-28 23:31:26'),(199,9,'Notgabs','Edition de ressource','Manager/editResource',1,'Admin','127.0.0.1','Chrome 74.0.3729.108','Mozilla/5.0 (X11; Linux x86_64) AppleWebKit/537.36 (KHTML, like Gecko) Chrome/74.0.3729.108 Safari/537.36','Linux','2019-04-28 23:31:38'),(200,9,'Notgabs','Toutes les Ressources','Manager/resources',1,'Admin','127.0.0.1','Chrome 74.0.3729.108','Mozilla/5.0 (X11; Linux x86_64) AppleWebKit/537.36 (KHTML, like Gecko) Chrome/74.0.3729.108 Safari/537.36','Linux','2019-04-28 23:31:38'),(201,9,'Notgabs','Toutes les Ressources','Manager/resources',1,'Admin','127.0.0.1','Chrome 74.0.3729.108','Mozilla/5.0 (X11; Linux x86_64) AppleWebKit/537.36 (KHTML, like Gecko) Chrome/74.0.3729.108 Safari/537.36','Linux','2019-04-28 23:37:17'),(202,9,'Notgabs','Toutes les Ressources','Manager/resources',1,'Admin','127.0.0.1','Chrome 74.0.3729.108','Mozilla/5.0 (X11; Linux x86_64) AppleWebKit/537.36 (KHTML, like Gecko) Chrome/74.0.3729.108 Safari/537.36','Linux','2019-04-28 23:37:26'),(203,9,'Notgabs','Toutes les Ressources','Manager/resources',1,'Admin','127.0.0.1','Chrome 74.0.3729.108','Mozilla/5.0 (X11; Linux x86_64) AppleWebKit/537.36 (KHTML, like Gecko) Chrome/74.0.3729.108 Safari/537.36','Linux','2019-04-28 23:37:43'),(204,9,'Notgabs','Toutes les Ressources','Manager/resources',1,'Admin','127.0.0.1','Chrome 74.0.3729.108','Mozilla/5.0 (X11; Linux x86_64) AppleWebKit/537.36 (KHTML, like Gecko) Chrome/74.0.3729.108 Safari/537.36','Linux','2019-04-28 23:40:17'),(205,9,'Notgabs','Toutes les Ressources','Manager/resources',1,'Admin','127.0.0.1','Chrome 74.0.3729.108','Mozilla/5.0 (X11; Linux x86_64) AppleWebKit/537.36 (KHTML, like Gecko) Chrome/74.0.3729.108 Safari/537.36','Linux','2019-04-28 23:40:28'),(206,9,'Notgabs','Toutes les Ressources','Manager/resources',1,'Admin','127.0.0.1','Chrome 74.0.3729.108','Mozilla/5.0 (X11; Linux x86_64) AppleWebKit/537.36 (KHTML, like Gecko) Chrome/74.0.3729.108 Safari/537.36','Linux','2019-04-28 23:40:39'),(207,9,'Notgabs','Toutes les Ressources','Manager/resources',1,'Admin','127.0.0.1','Chrome 74.0.3729.108','Mozilla/5.0 (X11; Linux x86_64) AppleWebKit/537.36 (KHTML, like Gecko) Chrome/74.0.3729.108 Safari/537.36','Linux','2019-04-28 23:42:32'),(208,9,'Notgabs','Giriş','Login/loginMe',1,'Admin','127.0.0.1','Chrome 74.0.3729.108','Mozilla/5.0 (X11; Linux x86_64) AppleWebKit/537.36 (KHTML, like Gecko) Chrome/74.0.3729.108 Safari/537.36','Linux','2019-04-29 21:50:34'),(209,9,'Notgabs','Toutes les Ressources','Manager/resources',1,'Admin','127.0.0.1','Chrome 74.0.3729.108','Mozilla/5.0 (X11; Linux x86_64) AppleWebKit/537.36 (KHTML, like Gecko) Chrome/74.0.3729.108 Safari/537.36','Linux','2019-04-29 21:55:11'),(210,9,'Notgabs','Toutes les Ressources','Manager/resources',1,'Admin','127.0.0.1','Chrome 74.0.3729.108','Mozilla/5.0 (X11; Linux x86_64) AppleWebKit/537.36 (KHTML, like Gecko) Chrome/74.0.3729.108 Safari/537.36','Linux','2019-04-29 21:56:59'),(211,9,'Notgabs','Çıkış','BaseController/logout',1,'Admin','127.0.0.1','Chrome 74.0.3729.108','Mozilla/5.0 (X11; Linux x86_64) AppleWebKit/537.36 (KHTML, like Gecko) Chrome/74.0.3729.108 Safari/537.36','Linux','2019-04-29 22:28:48'),(212,9,'Notgabs','Giriş','Login/loginMe',1,'Admin','127.0.0.1','Chrome 74.0.3729.108','Mozilla/5.0 (X11; Linux x86_64) AppleWebKit/537.36 (KHTML, like Gecko) Chrome/74.0.3729.108 Safari/537.36','Linux','2019-05-01 10:22:29'),(213,9,'Notgabs','Toutes les Ressources','Manager/resources',1,'Admin','127.0.0.1','Chrome 74.0.3729.108','Mozilla/5.0 (X11; Linux x86_64) AppleWebKit/537.36 (KHTML, like Gecko) Chrome/74.0.3729.108 Safari/537.36','Linux','2019-05-01 10:22:35'),(214,9,'Notgabs','Toutes les Ressources','Manager/resources',1,'Admin','127.0.0.1','Chrome 74.0.3729.108','Mozilla/5.0 (X11; Linux x86_64) AppleWebKit/537.36 (KHTML, like Gecko) Chrome/74.0.3729.108 Safari/537.36','Linux','2019-05-01 10:25:26'),(215,9,'Notgabs','Toutes les Ressources','Manager/resources',1,'Admin','127.0.0.1','Chrome 74.0.3729.108','Mozilla/5.0 (X11; Linux x86_64) AppleWebKit/537.36 (KHTML, like Gecko) Chrome/74.0.3729.108 Safari/537.36','Linux','2019-05-01 10:25:27'),(216,9,'Notgabs','Toutes les Ressources','Manager/resources',1,'Admin','127.0.0.1','Chrome 74.0.3729.108','Mozilla/5.0 (X11; Linux x86_64) AppleWebKit/537.36 (KHTML, like Gecko) Chrome/74.0.3729.108 Safari/537.36','Linux','2019-05-01 10:25:28'),(217,9,'Notgabs','Toutes les Ressources','Manager/resources',1,'Admin','127.0.0.1','Chrome 74.0.3729.108','Mozilla/5.0 (X11; Linux x86_64) AppleWebKit/537.36 (KHTML, like Gecko) Chrome/74.0.3729.108 Safari/537.36','Linux','2019-05-01 10:28:35'),(218,9,'Notgabs','Toutes les Ressources','Manager/resources',1,'Admin','127.0.0.1','Chrome 74.0.3729.108','Mozilla/5.0 (X11; Linux x86_64) AppleWebKit/537.36 (KHTML, like Gecko) Chrome/74.0.3729.108 Safari/537.36','Linux','2019-05-01 10:28:38'),(219,9,'Notgabs','Toutes les Ressources','Manager/resources',1,'Admin','127.0.0.1','Chrome 74.0.3729.108','Mozilla/5.0 (X11; Linux x86_64) AppleWebKit/537.36 (KHTML, like Gecko) Chrome/74.0.3729.108 Safari/537.36','Linux','2019-05-01 10:29:25'),(220,9,'Notgabs','Toutes les Ressources','Manager/resources',1,'Admin','127.0.0.1','Chrome 74.0.3729.108','Mozilla/5.0 (X11; Linux x86_64) AppleWebKit/537.36 (KHTML, like Gecko) Chrome/74.0.3729.108 Safari/537.36','Linux','2019-05-01 10:29:33'),(221,9,'Notgabs','Toutes les Ressources','Manager/resources',1,'Admin','127.0.0.1','Chrome 74.0.3729.108','Mozilla/5.0 (X11; Linux x86_64) AppleWebKit/537.36 (KHTML, like Gecko) Chrome/74.0.3729.108 Safari/537.36','Linux','2019-05-01 10:34:52'),(222,9,'Notgabs','Toutes les Ressources','Manager/resources',1,'Admin','127.0.0.1','Chrome 74.0.3729.108','Mozilla/5.0 (X11; Linux x86_64) AppleWebKit/537.36 (KHTML, like Gecko) Chrome/74.0.3729.108 Safari/537.36','Linux','2019-05-01 10:34:55'),(223,9,'Notgabs','Toutes les Ressources','Manager/resources',1,'Admin','127.0.0.1','Chrome 74.0.3729.108','Mozilla/5.0 (X11; Linux x86_64) AppleWebKit/537.36 (KHTML, like Gecko) Chrome/74.0.3729.108 Safari/537.36','Linux','2019-05-01 10:34:58'),(224,9,'Notgabs','Toutes les Ressources','Manager/resources',1,'Admin','127.0.0.1','Chrome 74.0.3729.108','Mozilla/5.0 (X11; Linux x86_64) AppleWebKit/537.36 (KHTML, like Gecko) Chrome/74.0.3729.108 Safari/537.36','Linux','2019-05-01 10:35:00'),(225,9,'Notgabs','Toutes les Ressources','Manager/resources',1,'Admin','127.0.0.1','Chrome 74.0.3729.108','Mozilla/5.0 (X11; Linux x86_64) AppleWebKit/537.36 (KHTML, like Gecko) Chrome/74.0.3729.108 Safari/537.36','Linux','2019-05-01 10:35:01'),(226,9,'Notgabs','Toutes les Ressources','Manager/resources',1,'Admin','127.0.0.1','Chrome 74.0.3729.108','Mozilla/5.0 (X11; Linux x86_64) AppleWebKit/537.36 (KHTML, like Gecko) Chrome/74.0.3729.108 Safari/537.36','Linux','2019-05-01 10:35:03'),(227,9,'Notgabs','Toutes les Ressources','Manager/resources',1,'Admin','127.0.0.1','Chrome 74.0.3729.108','Mozilla/5.0 (X11; Linux x86_64) AppleWebKit/537.36 (KHTML, like Gecko) Chrome/74.0.3729.108 Safari/537.36','Linux','2019-05-01 10:35:04'),(228,9,'Notgabs','Toutes les Ressources','Manager/resources',1,'Admin','127.0.0.1','Chrome 74.0.3729.108','Mozilla/5.0 (X11; Linux x86_64) AppleWebKit/537.36 (KHTML, like Gecko) Chrome/74.0.3729.108 Safari/537.36','Linux','2019-05-01 10:35:05'),(229,9,'Notgabs','Toutes les Ressources','Manager/resources',1,'Admin','127.0.0.1','Chrome 74.0.3729.108','Mozilla/5.0 (X11; Linux x86_64) AppleWebKit/537.36 (KHTML, like Gecko) Chrome/74.0.3729.108 Safari/537.36','Linux','2019-05-01 10:35:05'),(230,9,'Notgabs','Toutes les Ressources','Manager/resources',1,'Admin','127.0.0.1','Chrome 74.0.3729.108','Mozilla/5.0 (X11; Linux x86_64) AppleWebKit/537.36 (KHTML, like Gecko) Chrome/74.0.3729.108 Safari/537.36','Linux','2019-05-01 10:42:46'),(231,9,'Notgabs','Toutes les Ressources','Manager/resources',1,'Admin','127.0.0.1','Chrome 74.0.3729.108','Mozilla/5.0 (X11; Linux x86_64) AppleWebKit/537.36 (KHTML, like Gecko) Chrome/74.0.3729.108 Safari/537.36','Linux','2019-05-01 10:42:47'),(232,9,'Notgabs','Toutes les Ressources','Manager/resources',1,'Admin','127.0.0.1','Chrome 74.0.3729.108','Mozilla/5.0 (X11; Linux x86_64) AppleWebKit/537.36 (KHTML, like Gecko) Chrome/74.0.3729.108 Safari/537.36','Linux','2019-05-01 10:42:48'),(233,9,'Notgabs','Erreur','Login/error',1,'Admin','127.0.0.1','Chrome 74.0.3729.108','Mozilla/5.0 (X11; Linux x86_64) AppleWebKit/537.36 (KHTML, like Gecko) Chrome/74.0.3729.108 Safari/537.36','Linux','2019-05-01 10:42:54'),(234,9,'Notgabs','Erreur','Login/error',1,'Admin','127.0.0.1','Chrome 74.0.3729.108','Mozilla/5.0 (X11; Linux x86_64) AppleWebKit/537.36 (KHTML, like Gecko) Chrome/74.0.3729.108 Safari/537.36','Linux','2019-05-01 10:42:54'),(235,9,'Notgabs','Toutes les Ressources','Manager/resources',1,'Admin','127.0.0.1','Chrome 74.0.3729.108','Mozilla/5.0 (X11; Linux x86_64) AppleWebKit/537.36 (KHTML, like Gecko) Chrome/74.0.3729.108 Safari/537.36','Linux','2019-05-01 10:42:55'),(236,9,'Notgabs','Erreur','Login/error',1,'Admin','127.0.0.1','Chrome 74.0.3729.108','Mozilla/5.0 (X11; Linux x86_64) AppleWebKit/537.36 (KHTML, like Gecko) Chrome/74.0.3729.108 Safari/537.36','Linux','2019-05-01 10:43:00'),(237,9,'Notgabs','Erreur','Login/error',1,'Admin','127.0.0.1','Chrome 74.0.3729.108','Mozilla/5.0 (X11; Linux x86_64) AppleWebKit/537.36 (KHTML, like Gecko) Chrome/74.0.3729.108 Safari/537.36','Linux','2019-05-01 10:43:31'),(238,9,'Notgabs','Erreur','Login/error',1,'Admin','127.0.0.1','Chrome 74.0.3729.108','Mozilla/5.0 (X11; Linux x86_64) AppleWebKit/537.36 (KHTML, like Gecko) Chrome/74.0.3729.108 Safari/537.36','Linux','2019-05-01 10:43:31'),(239,9,'Notgabs','Toutes les Ressources','Manager/resources',1,'Admin','127.0.0.1','Chrome 74.0.3729.108','Mozilla/5.0 (X11; Linux x86_64) AppleWebKit/537.36 (KHTML, like Gecko) Chrome/74.0.3729.108 Safari/537.36','Linux','2019-05-01 10:43:32'),(240,9,'Notgabs','Toutes les Ressources','Manager/resources',1,'Admin','127.0.0.1','Chrome 74.0.3729.108','Mozilla/5.0 (X11; Linux x86_64) AppleWebKit/537.36 (KHTML, like Gecko) Chrome/74.0.3729.108 Safari/537.36','Linux','2019-05-01 10:43:49'),(241,9,'Notgabs','Ajouter une ressource','Manager/addNewResource',1,'Admin','127.0.0.1','Chrome 74.0.3729.108','Mozilla/5.0 (X11; Linux x86_64) AppleWebKit/537.36 (KHTML, like Gecko) Chrome/74.0.3729.108 Safari/537.36','Linux','2019-05-01 10:47:38'),(242,9,'Notgabs','Toutes les Ressources','Manager/resources',1,'Admin','127.0.0.1','Chrome 74.0.3729.108','Mozilla/5.0 (X11; Linux x86_64) AppleWebKit/537.36 (KHTML, like Gecko) Chrome/74.0.3729.108 Safari/537.36','Linux','2019-05-01 10:47:40'),(243,9,'Notgabs','Toutes les Ressources','Manager/resources',1,'Admin','127.0.0.1','Chrome 74.0.3729.108','Mozilla/5.0 (X11; Linux x86_64) AppleWebKit/537.36 (KHTML, like Gecko) Chrome/74.0.3729.108 Safari/537.36','Linux','2019-05-01 10:54:31'),(244,9,'Notgabs','Toutes les Ressources','Manager/resources',1,'Admin','127.0.0.1','Chrome 74.0.3729.108','Mozilla/5.0 (X11; Linux x86_64) AppleWebKit/537.36 (KHTML, like Gecko) Chrome/74.0.3729.108 Safari/537.36','Linux','2019-05-01 10:54:33'),(245,9,'Notgabs','Toutes les Ressources','Manager/resources',1,'Admin','127.0.0.1','Chrome 74.0.3729.108','Mozilla/5.0 (X11; Linux x86_64) AppleWebKit/537.36 (KHTML, like Gecko) Chrome/74.0.3729.108 Safari/537.36','Linux','2019-05-01 10:54:35'),(246,9,'Notgabs','Toutes les Ressources','Manager/resources',1,'Admin','127.0.0.1','Chrome 74.0.3729.108','Mozilla/5.0 (X11; Linux x86_64) AppleWebKit/537.36 (KHTML, like Gecko) Chrome/74.0.3729.108 Safari/537.36','Linux','2019-05-01 10:54:37'),(247,9,'Notgabs','Toutes les Ressources','Manager/resources',1,'Admin','127.0.0.1','Chrome 74.0.3729.108','Mozilla/5.0 (X11; Linux x86_64) AppleWebKit/537.36 (KHTML, like Gecko) Chrome/74.0.3729.108 Safari/537.36','Linux','2019-05-01 10:55:43'),(248,9,'Notgabs','Toutes les Ressources','Manager/resources',1,'Admin','127.0.0.1','Chrome 74.0.3729.108','Mozilla/5.0 (X11; Linux x86_64) AppleWebKit/537.36 (KHTML, like Gecko) Chrome/74.0.3729.108 Safari/537.36','Linux','2019-05-01 10:55:44'),(249,9,'Notgabs','Toutes les Ressources','Manager/resources',1,'Admin','127.0.0.1','Chrome 74.0.3729.108','Mozilla/5.0 (X11; Linux x86_64) AppleWebKit/537.36 (KHTML, like Gecko) Chrome/74.0.3729.108 Safari/537.36','Linux','2019-05-01 10:55:45'),(250,9,'Notgabs','Toutes les Ressources','Manager/resources',1,'Admin','127.0.0.1','Chrome 74.0.3729.108','Mozilla/5.0 (X11; Linux x86_64) AppleWebKit/537.36 (KHTML, like Gecko) Chrome/74.0.3729.108 Safari/537.36','Linux','2019-05-01 10:55:46'),(251,9,'Notgabs','Toutes les Ressources','Manager/resources',1,'Admin','127.0.0.1','Chrome 74.0.3729.108','Mozilla/5.0 (X11; Linux x86_64) AppleWebKit/537.36 (KHTML, like Gecko) Chrome/74.0.3729.108 Safari/537.36','Linux','2019-05-01 10:55:47'),(252,9,'Notgabs','Toutes les Ressources','Manager/resources',1,'Admin','127.0.0.1','Chrome 74.0.3729.108','Mozilla/5.0 (X11; Linux x86_64) AppleWebKit/537.36 (KHTML, like Gecko) Chrome/74.0.3729.108 Safari/537.36','Linux','2019-05-01 10:55:47'),(253,9,'Notgabs','Toutes les Ressources','Manager/resources',1,'Admin','127.0.0.1','Chrome 74.0.3729.108','Mozilla/5.0 (X11; Linux x86_64) AppleWebKit/537.36 (KHTML, like Gecko) Chrome/74.0.3729.108 Safari/537.36','Linux','2019-05-01 10:55:51'),(254,9,'Notgabs','Erreur','Login/error',1,'Admin','127.0.0.1','Chrome 74.0.3729.108','Mozilla/5.0 (X11; Linux x86_64) AppleWebKit/537.36 (KHTML, like Gecko) Chrome/74.0.3729.108 Safari/537.36','Linux','2019-05-01 10:55:53'),(255,9,'Notgabs','Erreur','Login/error',1,'Admin','127.0.0.1','Chrome 74.0.3729.108','Mozilla/5.0 (X11; Linux x86_64) AppleWebKit/537.36 (KHTML, like Gecko) Chrome/74.0.3729.108 Safari/537.36','Linux','2019-05-01 10:55:53'),(256,9,'Notgabs','Erreur','Login/error',1,'Admin','127.0.0.1','Chrome 74.0.3729.108','Mozilla/5.0 (X11; Linux x86_64) AppleWebKit/537.36 (KHTML, like Gecko) Chrome/74.0.3729.108 Safari/537.36','Linux','2019-05-01 11:04:17'),(257,9,'Notgabs','Erreur','Login/error',1,'Admin','127.0.0.1','Chrome 74.0.3729.108','Mozilla/5.0 (X11; Linux x86_64) AppleWebKit/537.36 (KHTML, like Gecko) Chrome/74.0.3729.108 Safari/537.36','Linux','2019-05-01 11:04:37'),(258,9,'Notgabs','Erreur','Login/error',1,'Admin','127.0.0.1','Chrome 74.0.3729.108','Mozilla/5.0 (X11; Linux x86_64) AppleWebKit/537.36 (KHTML, like Gecko) Chrome/74.0.3729.108 Safari/537.36','Linux','2019-05-01 11:11:20'),(259,9,'Notgabs','Erreur','Login/error',1,'Admin','127.0.0.1','Chrome 74.0.3729.108','Mozilla/5.0 (X11; Linux x86_64) AppleWebKit/537.36 (KHTML, like Gecko) Chrome/74.0.3729.108 Safari/537.36','Linux','2019-05-01 11:11:21'),(260,9,'Notgabs','Erreur','Login/error',1,'Admin','127.0.0.1','Chrome 74.0.3729.108','Mozilla/5.0 (X11; Linux x86_64) AppleWebKit/537.36 (KHTML, like Gecko) Chrome/74.0.3729.108 Safari/537.36','Linux','2019-05-01 11:11:21'),(261,9,'Notgabs','Toutes les Ressources','Manager/resources',1,'Admin','127.0.0.1','Chrome 74.0.3729.108','Mozilla/5.0 (X11; Linux x86_64) AppleWebKit/537.36 (KHTML, like Gecko) Chrome/74.0.3729.108 Safari/537.36','Linux','2019-05-01 11:11:24'),(262,9,'Notgabs','Erreur','Login/error',1,'Admin','127.0.0.1','Chrome 74.0.3729.108','Mozilla/5.0 (X11; Linux x86_64) AppleWebKit/537.36 (KHTML, like Gecko) Chrome/74.0.3729.108 Safari/537.36','Linux','2019-05-01 11:11:25'),(263,9,'Notgabs','Erreur','Login/error',1,'Admin','127.0.0.1','Chrome 74.0.3729.108','Mozilla/5.0 (X11; Linux x86_64) AppleWebKit/537.36 (KHTML, like Gecko) Chrome/74.0.3729.108 Safari/537.36','Linux','2019-05-01 11:11:27'),(264,9,'Notgabs','Erreur','Login/error',1,'Admin','127.0.0.1','Chrome 74.0.3729.108','Mozilla/5.0 (X11; Linux x86_64) AppleWebKit/537.36 (KHTML, like Gecko) Chrome/74.0.3729.108 Safari/537.36','Linux','2019-05-01 11:11:30'),(265,9,'Notgabs','Erreur','Login/error',1,'Admin','127.0.0.1','Chrome 74.0.3729.108','Mozilla/5.0 (X11; Linux x86_64) AppleWebKit/537.36 (KHTML, like Gecko) Chrome/74.0.3729.108 Safari/537.36','Linux','2019-05-01 11:11:32'),(266,9,'Notgabs','Toutes les Ressources','Manager/resources',1,'Admin','127.0.0.1','Chrome 74.0.3729.108','Mozilla/5.0 (X11; Linux x86_64) AppleWebKit/537.36 (KHTML, like Gecko) Chrome/74.0.3729.108 Safari/537.36','Linux','2019-05-01 11:22:45'),(267,9,'Notgabs','Erreur','Login/error',1,'Admin','127.0.0.1','Chrome 74.0.3729.108','Mozilla/5.0 (X11; Linux x86_64) AppleWebKit/537.36 (KHTML, like Gecko) Chrome/74.0.3729.108 Safari/537.36','Linux','2019-05-01 11:22:45'),(268,9,'Notgabs','Toutes les Ressources','Manager/resources',1,'Admin','127.0.0.1','Chrome 74.0.3729.108','Mozilla/5.0 (X11; Linux x86_64) AppleWebKit/537.36 (KHTML, like Gecko) Chrome/74.0.3729.108 Safari/537.36','Linux','2019-05-01 11:40:03'),(269,9,'Notgabs','Erreur','Login/error',1,'Admin','127.0.0.1','Chrome 74.0.3729.108','Mozilla/5.0 (X11; Linux x86_64) AppleWebKit/537.36 (KHTML, like Gecko) Chrome/74.0.3729.108 Safari/537.36','Linux','2019-05-01 11:40:04'),(270,9,'Notgabs','Toutes les Ressources','Manager/resources',1,'Admin','127.0.0.1','Chrome 74.0.3729.108','Mozilla/5.0 (X11; Linux x86_64) AppleWebKit/537.36 (KHTML, like Gecko) Chrome/74.0.3729.108 Safari/537.36','Linux','2019-05-01 11:40:19'),(271,9,'Notgabs','Erreur','Login/error',1,'Admin','127.0.0.1','Chrome 74.0.3729.108','Mozilla/5.0 (X11; Linux x86_64) AppleWebKit/537.36 (KHTML, like Gecko) Chrome/74.0.3729.108 Safari/537.36','Linux','2019-05-01 11:40:19'),(272,9,'Notgabs','Toutes les Ressources','Manager/resources',1,'Admin','127.0.0.1','Chrome 74.0.3729.108','Mozilla/5.0 (X11; Linux x86_64) AppleWebKit/537.36 (KHTML, like Gecko) Chrome/74.0.3729.108 Safari/537.36','Linux','2019-05-01 11:41:05'),(273,9,'Notgabs','Erreur','Login/error',1,'Admin','127.0.0.1','Chrome 74.0.3729.108','Mozilla/5.0 (X11; Linux x86_64) AppleWebKit/537.36 (KHTML, like Gecko) Chrome/74.0.3729.108 Safari/537.36','Linux','2019-05-01 11:41:06'),(274,9,'Notgabs','Toutes les Ressources','Manager/resources',1,'Admin','127.0.0.1','Chrome 74.0.3729.108','Mozilla/5.0 (X11; Linux x86_64) AppleWebKit/537.36 (KHTML, like Gecko) Chrome/74.0.3729.108 Safari/537.36','Linux','2019-05-01 11:52:33'),(275,9,'Notgabs','Erreur','Login/error',1,'Admin','127.0.0.1','Chrome 74.0.3729.108','Mozilla/5.0 (X11; Linux x86_64) AppleWebKit/537.36 (KHTML, like Gecko) Chrome/74.0.3729.108 Safari/537.36','Linux','2019-05-01 11:52:34'),(276,9,'Notgabs','Toutes les Ressources','Manager/resources',1,'Admin','127.0.0.1','Chrome 74.0.3729.108','Mozilla/5.0 (X11; Linux x86_64) AppleWebKit/537.36 (KHTML, like Gecko) Chrome/74.0.3729.108 Safari/537.36','Linux','2019-05-01 11:52:36'),(277,9,'Notgabs','Erreur','Login/error',1,'Admin','127.0.0.1','Chrome 74.0.3729.108','Mozilla/5.0 (X11; Linux x86_64) AppleWebKit/537.36 (KHTML, like Gecko) Chrome/74.0.3729.108 Safari/537.36','Linux','2019-05-01 11:52:36'),(278,9,'Notgabs','Toutes les Ressources','Manager/resources',1,'Admin','127.0.0.1','Chrome 74.0.3729.108','Mozilla/5.0 (X11; Linux x86_64) AppleWebKit/537.36 (KHTML, like Gecko) Chrome/74.0.3729.108 Safari/537.36','Linux','2019-05-01 11:52:36'),(279,9,'Notgabs','Toutes les Ressources','Manager/resources',1,'Admin','127.0.0.1','Chrome 74.0.3729.108','Mozilla/5.0 (X11; Linux x86_64) AppleWebKit/537.36 (KHTML, like Gecko) Chrome/74.0.3729.108 Safari/537.36','Linux','2019-05-01 11:52:36'),(280,9,'Notgabs','Toutes les Ressources','Manager/resources',1,'Admin','127.0.0.1','Chrome 74.0.3729.108','Mozilla/5.0 (X11; Linux x86_64) AppleWebKit/537.36 (KHTML, like Gecko) Chrome/74.0.3729.108 Safari/537.36','Linux','2019-05-01 11:52:37'),(281,9,'Notgabs','Erreur','Login/error',1,'Admin','127.0.0.1','Chrome 74.0.3729.108','Mozilla/5.0 (X11; Linux x86_64) AppleWebKit/537.36 (KHTML, like Gecko) Chrome/74.0.3729.108 Safari/537.36','Linux','2019-05-01 11:52:37'),(282,9,'Notgabs','Toutes les Ressources','Manager/resources',1,'Admin','127.0.0.1','Chrome 74.0.3729.108','Mozilla/5.0 (X11; Linux x86_64) AppleWebKit/537.36 (KHTML, like Gecko) Chrome/74.0.3729.108 Safari/537.36','Linux','2019-05-01 11:52:37'),(283,9,'Notgabs','Toutes les Ressources','Manager/resources',1,'Admin','127.0.0.1','Chrome 74.0.3729.108','Mozilla/5.0 (X11; Linux x86_64) AppleWebKit/537.36 (KHTML, like Gecko) Chrome/74.0.3729.108 Safari/537.36','Linux','2019-05-01 11:52:37'),(284,9,'Notgabs','Toutes les Ressources','Manager/resources',1,'Admin','127.0.0.1','Chrome 74.0.3729.108','Mozilla/5.0 (X11; Linux x86_64) AppleWebKit/537.36 (KHTML, like Gecko) Chrome/74.0.3729.108 Safari/537.36','Linux','2019-05-01 11:52:37'),(285,9,'Notgabs','Erreur','Login/error',1,'Admin','127.0.0.1','Chrome 74.0.3729.108','Mozilla/5.0 (X11; Linux x86_64) AppleWebKit/537.36 (KHTML, like Gecko) Chrome/74.0.3729.108 Safari/537.36','Linux','2019-05-01 11:52:38'),(286,9,'Notgabs','Toutes les Ressources','Manager/resources',1,'Admin','127.0.0.1','Chrome 74.0.3729.108','Mozilla/5.0 (X11; Linux x86_64) AppleWebKit/537.36 (KHTML, like Gecko) Chrome/74.0.3729.108 Safari/537.36','Linux','2019-05-01 11:52:38'),(287,9,'Notgabs','Toutes les Ressources','Manager/resources',1,'Admin','127.0.0.1','Chrome 74.0.3729.108','Mozilla/5.0 (X11; Linux x86_64) AppleWebKit/537.36 (KHTML, like Gecko) Chrome/74.0.3729.108 Safari/537.36','Linux','2019-05-01 11:52:38'),(288,9,'Notgabs','Erreur','Login/error',1,'Admin','127.0.0.1','Chrome 74.0.3729.108','Mozilla/5.0 (X11; Linux x86_64) AppleWebKit/537.36 (KHTML, like Gecko) Chrome/74.0.3729.108 Safari/537.36','Linux','2019-05-01 11:52:39'),(289,9,'Notgabs','Toutes les Ressources','Manager/resources',1,'Admin','127.0.0.1','Chrome 74.0.3729.108','Mozilla/5.0 (X11; Linux x86_64) AppleWebKit/537.36 (KHTML, like Gecko) Chrome/74.0.3729.108 Safari/537.36','Linux','2019-05-01 11:53:15'),(290,9,'Notgabs','Erreur','Login/error',1,'Admin','127.0.0.1','Chrome 74.0.3729.108','Mozilla/5.0 (X11; Linux x86_64) AppleWebKit/537.36 (KHTML, like Gecko) Chrome/74.0.3729.108 Safari/537.36','Linux','2019-05-01 11:53:16'),(291,9,'Notgabs','Erreur','Login/error',1,'Admin','127.0.0.1','Chrome 74.0.3729.108','Mozilla/5.0 (X11; Linux x86_64) AppleWebKit/537.36 (KHTML, like Gecko) Chrome/74.0.3729.108 Safari/537.36','Linux','2019-05-01 11:53:31'),(292,9,'Notgabs','Erreur','Login/error',1,'Admin','127.0.0.1','Chrome 74.0.3729.108','Mozilla/5.0 (X11; Linux x86_64) AppleWebKit/537.36 (KHTML, like Gecko) Chrome/74.0.3729.108 Safari/537.36','Linux','2019-05-01 11:54:02'),(293,9,'Notgabs','Toutes les Ressources','Manager/resources',1,'Admin','127.0.0.1','Chrome 74.0.3729.108','Mozilla/5.0 (X11; Linux x86_64) AppleWebKit/537.36 (KHTML, like Gecko) Chrome/74.0.3729.108 Safari/537.36','Linux','2019-05-01 11:55:10'),(294,9,'Notgabs','Erreur','Login/error',1,'Admin','127.0.0.1','Chrome 74.0.3729.108','Mozilla/5.0 (X11; Linux x86_64) AppleWebKit/537.36 (KHTML, like Gecko) Chrome/74.0.3729.108 Safari/537.36','Linux','2019-05-01 11:55:11'),(295,9,'Notgabs','Toutes les Ressources','Manager/resources',1,'Admin','127.0.0.1','Chrome 74.0.3729.108','Mozilla/5.0 (X11; Linux x86_64) AppleWebKit/537.36 (KHTML, like Gecko) Chrome/74.0.3729.108 Safari/537.36','Linux','2019-05-01 11:55:11'),(296,9,'Notgabs','Erreur','Login/error',1,'Admin','127.0.0.1','Chrome 74.0.3729.108','Mozilla/5.0 (X11; Linux x86_64) AppleWebKit/537.36 (KHTML, like Gecko) Chrome/74.0.3729.108 Safari/537.36','Linux','2019-05-01 11:55:12'),(297,9,'Notgabs','Erreur','Login/error',1,'Admin','127.0.0.1','Chrome 74.0.3729.108','Mozilla/5.0 (X11; Linux x86_64) AppleWebKit/537.36 (KHTML, like Gecko) Chrome/74.0.3729.108 Safari/537.36','Linux','2019-05-01 11:55:15'),(298,9,'Notgabs','Erreur','Login/error',1,'Admin','127.0.0.1','Chrome 74.0.3729.108','Mozilla/5.0 (X11; Linux x86_64) AppleWebKit/537.36 (KHTML, like Gecko) Chrome/74.0.3729.108 Safari/537.36','Linux','2019-05-01 11:55:53'),(299,9,'Notgabs','Edition de ressource','Manager/editResource',1,'Admin','127.0.0.1','Chrome 74.0.3729.108','Mozilla/5.0 (X11; Linux x86_64) AppleWebKit/537.36 (KHTML, like Gecko) Chrome/74.0.3729.108 Safari/537.36','Linux','2019-05-01 11:56:10'),(300,9,'Notgabs','Toutes les Ressources','Manager/resources',1,'Admin','127.0.0.1','Chrome 74.0.3729.108','Mozilla/5.0 (X11; Linux x86_64) AppleWebKit/537.36 (KHTML, like Gecko) Chrome/74.0.3729.108 Safari/537.36','Linux','2019-05-01 11:56:10'),(301,9,'Notgabs','Erreur','Login/error',1,'Admin','127.0.0.1','Chrome 74.0.3729.108','Mozilla/5.0 (X11; Linux x86_64) AppleWebKit/537.36 (KHTML, like Gecko) Chrome/74.0.3729.108 Safari/537.36','Linux','2019-05-01 11:56:11'),(302,9,'Notgabs','Edition de ressource','Manager/editResource',1,'Admin','127.0.0.1','Chrome 74.0.3729.108','Mozilla/5.0 (X11; Linux x86_64) AppleWebKit/537.36 (KHTML, like Gecko) Chrome/74.0.3729.108 Safari/537.36','Linux','2019-05-01 12:07:10'),(303,9,'Notgabs','Toutes les Ressources','Manager/resources',1,'Admin','127.0.0.1','Chrome 74.0.3729.108','Mozilla/5.0 (X11; Linux x86_64) AppleWebKit/537.36 (KHTML, like Gecko) Chrome/74.0.3729.108 Safari/537.36','Linux','2019-05-01 12:07:10'),(304,9,'Notgabs','Edition de ressource','Manager/editResource',1,'Admin','127.0.0.1','Chrome 74.0.3729.108','Mozilla/5.0 (X11; Linux x86_64) AppleWebKit/537.36 (KHTML, like Gecko) Chrome/74.0.3729.108 Safari/537.36','Linux','2019-05-01 12:07:33'),(305,9,'Notgabs','Toutes les Ressources','Manager/resources',1,'Admin','127.0.0.1','Chrome 74.0.3729.108','Mozilla/5.0 (X11; Linux x86_64) AppleWebKit/537.36 (KHTML, like Gecko) Chrome/74.0.3729.108 Safari/537.36','Linux','2019-05-01 12:07:33'),(306,9,'Notgabs','Toutes les Ressources','Manager/resources',1,'Admin','127.0.0.1','Chrome 74.0.3729.108','Mozilla/5.0 (X11; Linux x86_64) AppleWebKit/537.36 (KHTML, like Gecko) Chrome/74.0.3729.108 Safari/537.36','Linux','2019-05-01 12:08:16'),(307,9,'Notgabs','Edition de ressource','Manager/editResource',1,'Admin','127.0.0.1','Chrome 74.0.3729.108','Mozilla/5.0 (X11; Linux x86_64) AppleWebKit/537.36 (KHTML, like Gecko) Chrome/74.0.3729.108 Safari/537.36','Linux','2019-05-01 12:08:28'),(308,9,'Notgabs','Toutes les Ressources','Manager/resources',1,'Admin','127.0.0.1','Chrome 74.0.3729.108','Mozilla/5.0 (X11; Linux x86_64) AppleWebKit/537.36 (KHTML, like Gecko) Chrome/74.0.3729.108 Safari/537.36','Linux','2019-05-01 12:08:28'),(309,9,'Notgabs','Edition de ressource','Manager/editResource',1,'Admin','127.0.0.1','Chrome 74.0.3729.108','Mozilla/5.0 (X11; Linux x86_64) AppleWebKit/537.36 (KHTML, like Gecko) Chrome/74.0.3729.108 Safari/537.36','Linux','2019-05-01 12:08:33'),(310,9,'Notgabs','Toutes les Ressources','Manager/resources',1,'Admin','127.0.0.1','Chrome 74.0.3729.108','Mozilla/5.0 (X11; Linux x86_64) AppleWebKit/537.36 (KHTML, like Gecko) Chrome/74.0.3729.108 Safari/537.36','Linux','2019-05-01 12:08:33'),(311,9,'Notgabs','Toutes les Ressources','Manager/resources',1,'Admin','127.0.0.1','Chrome 74.0.3729.108','Mozilla/5.0 (X11; Linux x86_64) AppleWebKit/537.36 (KHTML, like Gecko) Chrome/74.0.3729.108 Safari/537.36','Linux','2019-05-01 12:10:24'),(312,9,'Notgabs','Toutes les Ressources','Manager/resources',1,'Admin','127.0.0.1','Chrome 74.0.3729.108','Mozilla/5.0 (X11; Linux x86_64) AppleWebKit/537.36 (KHTML, like Gecko) Chrome/74.0.3729.108 Safari/537.36','Linux','2019-05-01 12:10:25'),(313,9,'Notgabs','Toutes les Ressources','Manager/resources',1,'Admin','127.0.0.1','Chrome 74.0.3729.108','Mozilla/5.0 (X11; Linux x86_64) AppleWebKit/537.36 (KHTML, like Gecko) Chrome/74.0.3729.108 Safari/537.36','Linux','2019-05-01 12:10:43'),(314,9,'Notgabs','Toutes les Ressources','Manager/resources',1,'Admin','127.0.0.1','Chrome 74.0.3729.108','Mozilla/5.0 (X11; Linux x86_64) AppleWebKit/537.36 (KHTML, like Gecko) Chrome/74.0.3729.108 Safari/537.36','Linux','2019-05-01 12:11:45'),(315,9,'Notgabs','Erreur','Login/error',1,'Admin','127.0.0.1','Chrome 74.0.3729.108','Mozilla/5.0 (X11; Linux x86_64) AppleWebKit/537.36 (KHTML, like Gecko) Chrome/74.0.3729.108 Safari/537.36','Linux','2019-05-01 12:15:37'),(316,9,'Notgabs','Toutes les Ressources','Manager/resources',1,'Admin','127.0.0.1','Chrome 74.0.3729.108','Mozilla/5.0 (X11; Linux x86_64) AppleWebKit/537.36 (KHTML, like Gecko) Chrome/74.0.3729.108 Safari/537.36','Linux','2019-05-01 12:27:21'),(317,9,'Notgabs','Toutes les Ressources','Manager/resources',1,'Admin','127.0.0.1','Chrome 74.0.3729.108','Mozilla/5.0 (X11; Linux x86_64) AppleWebKit/537.36 (KHTML, like Gecko) Chrome/74.0.3729.108 Safari/537.36','Linux','2019-05-01 12:27:23'),(318,9,'Notgabs','Toutes les Ressources','Manager/resources',1,'Admin','127.0.0.1','Chrome 74.0.3729.108','Mozilla/5.0 (X11; Linux x86_64) AppleWebKit/537.36 (KHTML, like Gecko) Chrome/74.0.3729.108 Safari/537.36','Linux','2019-05-01 12:27:45'),(319,9,'Notgabs','Toutes les Ressources','Manager/resources',1,'Admin','127.0.0.1','Chrome 74.0.3729.108','Mozilla/5.0 (X11; Linux x86_64) AppleWebKit/537.36 (KHTML, like Gecko) Chrome/74.0.3729.108 Safari/537.36','Linux','2019-05-01 12:32:26'),(320,9,'Notgabs','Toutes les Ressources','Manager/resources',1,'Admin','127.0.0.1','Chrome 74.0.3729.108','Mozilla/5.0 (X11; Linux x86_64) AppleWebKit/537.36 (KHTML, like Gecko) Chrome/74.0.3729.108 Safari/537.36','Linux','2019-05-01 12:33:16'),(321,9,'Notgabs','Toutes les Ressources','Manager/resources',1,'Admin','127.0.0.1','Chrome 74.0.3729.108','Mozilla/5.0 (X11; Linux x86_64) AppleWebKit/537.36 (KHTML, like Gecko) Chrome/74.0.3729.108 Safari/537.36','Linux','2019-05-01 12:33:18'),(322,9,'Notgabs','Toutes les Ressources','Manager/resources',1,'Admin','127.0.0.1','Chrome 74.0.3729.108','Mozilla/5.0 (X11; Linux x86_64) AppleWebKit/537.36 (KHTML, like Gecko) Chrome/74.0.3729.108 Safari/537.36','Linux','2019-05-01 12:35:00'),(323,9,'Notgabs','Toutes les Ressources','Manager/resources',1,'Admin','127.0.0.1','Chrome 74.0.3729.108','Mozilla/5.0 (X11; Linux x86_64) AppleWebKit/537.36 (KHTML, like Gecko) Chrome/74.0.3729.108 Safari/537.36','Linux','2019-05-01 12:36:19'),(324,9,'Notgabs','Toutes les Ressources','Manager/resources',1,'Admin','127.0.0.1','Chrome 74.0.3729.108','Mozilla/5.0 (X11; Linux x86_64) AppleWebKit/537.36 (KHTML, like Gecko) Chrome/74.0.3729.108 Safari/537.36','Linux','2019-05-01 12:38:49'),(325,9,'Notgabs','Toutes les Ressources','Manager/resources',1,'Admin','127.0.0.1','Chrome 74.0.3729.108','Mozilla/5.0 (X11; Linux x86_64) AppleWebKit/537.36 (KHTML, like Gecko) Chrome/74.0.3729.108 Safari/537.36','Linux','2019-05-01 12:38:51'),(326,9,'Notgabs','Edition de ressource','Manager/editResource',1,'Admin','127.0.0.1','Chrome 74.0.3729.108','Mozilla/5.0 (X11; Linux x86_64) AppleWebKit/537.36 (KHTML, like Gecko) Chrome/74.0.3729.108 Safari/537.36','Linux','2019-05-01 12:38:55'),(327,9,'Notgabs','Toutes les Ressources','Manager/resources',1,'Admin','127.0.0.1','Chrome 74.0.3729.108','Mozilla/5.0 (X11; Linux x86_64) AppleWebKit/537.36 (KHTML, like Gecko) Chrome/74.0.3729.108 Safari/537.36','Linux','2019-05-01 12:38:55'),(328,9,'Notgabs','Edition de ressource','Manager/editResource',1,'Admin','127.0.0.1','Chrome 74.0.3729.108','Mozilla/5.0 (X11; Linux x86_64) AppleWebKit/537.36 (KHTML, like Gecko) Chrome/74.0.3729.108 Safari/537.36','Linux','2019-05-01 12:39:01'),(329,9,'Notgabs','Toutes les Ressources','Manager/resources',1,'Admin','127.0.0.1','Chrome 74.0.3729.108','Mozilla/5.0 (X11; Linux x86_64) AppleWebKit/537.36 (KHTML, like Gecko) Chrome/74.0.3729.108 Safari/537.36','Linux','2019-05-01 12:39:01'),(330,9,'Notgabs','Ajouter une ressource','Manager/addNewResource',1,'Admin','127.0.0.1','Chrome 74.0.3729.108','Mozilla/5.0 (X11; Linux x86_64) AppleWebKit/537.36 (KHTML, like Gecko) Chrome/74.0.3729.108 Safari/537.36','Linux','2019-05-01 12:39:07'),(331,9,'Notgabs','Toutes les Ressources','Manager/resources',1,'Admin','127.0.0.1','Chrome 74.0.3729.108','Mozilla/5.0 (X11; Linux x86_64) AppleWebKit/537.36 (KHTML, like Gecko) Chrome/74.0.3729.108 Safari/537.36','Linux','2019-05-01 12:39:08'),(332,9,'Notgabs','Suprpession de ressources','Manager/deleteResource',1,'Admin','127.0.0.1','Chrome 74.0.3729.108','Mozilla/5.0 (X11; Linux x86_64) AppleWebKit/537.36 (KHTML, like Gecko) Chrome/74.0.3729.108 Safari/537.36','Linux','2019-05-01 12:39:11'),(333,9,'Notgabs','Toutes les Ressources','Manager/resources',1,'Admin','127.0.0.1','Chrome 74.0.3729.108','Mozilla/5.0 (X11; Linux x86_64) AppleWebKit/537.36 (KHTML, like Gecko) Chrome/74.0.3729.108 Safari/537.36','Linux','2019-05-01 12:39:11'),(334,9,'Notgabs','Suprpession de ressources','Manager/deleteResource',1,'Admin','127.0.0.1','Chrome 74.0.3729.108','Mozilla/5.0 (X11; Linux x86_64) AppleWebKit/537.36 (KHTML, like Gecko) Chrome/74.0.3729.108 Safari/537.36','Linux','2019-05-01 12:39:14'),(335,9,'Notgabs','Toutes les Ressources','Manager/resources',1,'Admin','127.0.0.1','Chrome 74.0.3729.108','Mozilla/5.0 (X11; Linux x86_64) AppleWebKit/537.36 (KHTML, like Gecko) Chrome/74.0.3729.108 Safari/537.36','Linux','2019-05-01 12:39:14'),(336,9,'Notgabs','Suprpession de ressources','Manager/deleteResource',1,'Admin','127.0.0.1','Chrome 74.0.3729.108','Mozilla/5.0 (X11; Linux x86_64) AppleWebKit/537.36 (KHTML, like Gecko) Chrome/74.0.3729.108 Safari/537.36','Linux','2019-05-01 12:39:16'),(337,9,'Notgabs','Toutes les Ressources','Manager/resources',1,'Admin','127.0.0.1','Chrome 74.0.3729.108','Mozilla/5.0 (X11; Linux x86_64) AppleWebKit/537.36 (KHTML, like Gecko) Chrome/74.0.3729.108 Safari/537.36','Linux','2019-05-01 12:39:16'),(338,9,'Notgabs','Toutes les Ressources','Manager/resources',1,'Admin','127.0.0.1','Chrome 74.0.3729.108','Mozilla/5.0 (X11; Linux x86_64) AppleWebKit/537.36 (KHTML, like Gecko) Chrome/74.0.3729.108 Safari/537.36','Linux','2019-05-01 12:55:38'),(339,9,'Notgabs','Giriş','Login/loginMe',1,'Admin','127.0.0.1','Chrome 74.0.3729.108','Mozilla/5.0 (X11; Linux x86_64) AppleWebKit/537.36 (KHTML, like Gecko) Chrome/74.0.3729.108 Safari/537.36','Linux','2019-05-01 21:30:22'),(340,9,'Notgabs','Erreur','Login/error',1,'Admin','127.0.0.1','Chrome 74.0.3729.108','Mozilla/5.0 (X11; Linux x86_64) AppleWebKit/537.36 (KHTML, like Gecko) Chrome/74.0.3729.108 Safari/537.36','Linux','2019-05-01 21:30:23'),(341,9,'Notgabs','Erreur','Login/error',1,'Admin','127.0.0.1','Chrome 74.0.3729.108','Mozilla/5.0 (X11; Linux x86_64) AppleWebKit/537.36 (KHTML, like Gecko) Chrome/74.0.3729.108 Safari/537.36','Linux','2019-05-01 21:30:23'),(342,9,'Notgabs','Changement de mot de passe','User/changePassword',1,'Admin','127.0.0.1','Chrome 74.0.3729.108','Mozilla/5.0 (X11; Linux x86_64) AppleWebKit/537.36 (KHTML, like Gecko) Chrome/74.0.3729.108 Safari/537.36','Linux','2019-05-01 21:32:05'),(343,9,'Notgabs','Toutes les Ressources','Manager/resources',1,'Admin','127.0.0.1','Chrome 74.0.3729.108','Mozilla/5.0 (X11; Linux x86_64) AppleWebKit/537.36 (KHTML, like Gecko) Chrome/74.0.3729.108 Safari/537.36','Linux','2019-05-01 21:55:03'),(344,9,'Notgabs','Toutes les Ressources','Manager/resources',1,'Admin','127.0.0.1','Chrome 74.0.3729.108','Mozilla/5.0 (X11; Linux x86_64) AppleWebKit/537.36 (KHTML, like Gecko) Chrome/74.0.3729.108 Safari/537.36','Linux','2019-05-01 21:56:47'),(345,9,'Notgabs','Toutes les Ressources','Manager/resources',1,'Admin','127.0.0.1','Chrome 74.0.3729.108','Mozilla/5.0 (X11; Linux x86_64) AppleWebKit/537.36 (KHTML, like Gecko) Chrome/74.0.3729.108 Safari/537.36','Linux','2019-05-01 21:56:53'),(346,9,'Notgabs','Toutes les Ressources','Manager/resources',1,'Admin','127.0.0.1','Chrome 74.0.3729.108','Mozilla/5.0 (X11; Linux x86_64) AppleWebKit/537.36 (KHTML, like Gecko) Chrome/74.0.3729.108 Safari/537.36','Linux','2019-05-01 21:56:55'),(347,9,'Notgabs','Toutes les Ressources','Manager/resources',1,'Admin','127.0.0.1','Chrome 74.0.3729.108','Mozilla/5.0 (X11; Linux x86_64) AppleWebKit/537.36 (KHTML, like Gecko) Chrome/74.0.3729.108 Safari/537.36','Linux','2019-05-01 21:57:20'),(348,9,'Notgabs','Toutes les Ressources','Manager/resources',1,'Admin','127.0.0.1','Chrome 74.0.3729.108','Mozilla/5.0 (X11; Linux x86_64) AppleWebKit/537.36 (KHTML, like Gecko) Chrome/74.0.3729.108 Safari/537.36','Linux','2019-05-01 21:57:22'),(349,9,'Notgabs','Erreur','Login/error',1,'Admin','127.0.0.1','Chrome 74.0.3729.108','Mozilla/5.0 (X11; Linux x86_64) AppleWebKit/537.36 (KHTML, like Gecko) Chrome/74.0.3729.108 Safari/537.36','Linux','2019-05-01 21:57:24'),(350,9,'Notgabs','Erreur','Login/error',1,'Admin','127.0.0.1','Chrome 74.0.3729.108','Mozilla/5.0 (X11; Linux x86_64) AppleWebKit/537.36 (KHTML, like Gecko) Chrome/74.0.3729.108 Safari/537.36','Linux','2019-05-01 21:57:24'),(351,9,'Notgabs','Erreur','Login/error',1,'Admin','127.0.0.1','Chrome 74.0.3729.108','Mozilla/5.0 (X11; Linux x86_64) AppleWebKit/537.36 (KHTML, like Gecko) Chrome/74.0.3729.108 Safari/537.36','Linux','2019-05-01 22:05:37'),(352,9,'Notgabs','Erreur','Login/error',1,'Admin','127.0.0.1','Chrome 74.0.3729.108','Mozilla/5.0 (X11; Linux x86_64) AppleWebKit/537.36 (KHTML, like Gecko) Chrome/74.0.3729.108 Safari/537.36','Linux','2019-05-01 22:05:37'),(353,9,'Notgabs','Erreur','Login/error',1,'Admin','127.0.0.1','Chrome 74.0.3729.108','Mozilla/5.0 (X11; Linux x86_64) AppleWebKit/537.36 (KHTML, like Gecko) Chrome/74.0.3729.108 Safari/537.36','Linux','2019-05-01 22:06:06'),(354,9,'Notgabs','Erreur','Login/error',1,'Admin','127.0.0.1','Chrome 74.0.3729.108','Mozilla/5.0 (X11; Linux x86_64) AppleWebKit/537.36 (KHTML, like Gecko) Chrome/74.0.3729.108 Safari/537.36','Linux','2019-05-01 22:06:06'),(355,9,'Notgabs','Erreur','Login/error',1,'Admin','127.0.0.1','Chrome 74.0.3729.108','Mozilla/5.0 (X11; Linux x86_64) AppleWebKit/537.36 (KHTML, like Gecko) Chrome/74.0.3729.108 Safari/537.36','Linux','2019-05-01 22:06:09'),(356,9,'Notgabs','Erreur','Login/error',1,'Admin','127.0.0.1','Chrome 74.0.3729.108','Mozilla/5.0 (X11; Linux x86_64) AppleWebKit/537.36 (KHTML, like Gecko) Chrome/74.0.3729.108 Safari/537.36','Linux','2019-05-01 22:06:09'),(357,9,'Notgabs','Changement de mot de passe','User/changePassword',1,'Admin','127.0.0.1','Chrome 74.0.3729.108','Mozilla/5.0 (X11; Linux x86_64) AppleWebKit/537.36 (KHTML, like Gecko) Chrome/74.0.3729.108 Safari/537.36','Linux','2019-05-01 22:06:41'),(358,9,'Notgabs','Erreur','Login/error',1,'Admin','127.0.0.1','Chrome 74.0.3729.108','Mozilla/5.0 (X11; Linux x86_64) AppleWebKit/537.36 (KHTML, like Gecko) Chrome/74.0.3729.108 Safari/537.36','Linux','2019-05-01 22:06:44'),(359,9,'Notgabs','Erreur','Login/error',1,'Admin','127.0.0.1','Chrome 74.0.3729.108','Mozilla/5.0 (X11; Linux x86_64) AppleWebKit/537.36 (KHTML, like Gecko) Chrome/74.0.3729.108 Safari/537.36','Linux','2019-05-01 22:06:44'),(360,9,'Notgabs','Erreur','Login/error',1,'Admin','127.0.0.1','Chrome 74.0.3729.108','Mozilla/5.0 (X11; Linux x86_64) AppleWebKit/537.36 (KHTML, like Gecko) Chrome/74.0.3729.108 Safari/537.36','Linux','2019-05-01 22:07:32'),(361,9,'Notgabs','Erreur','Login/error',1,'Admin','127.0.0.1','Chrome 74.0.3729.108','Mozilla/5.0 (X11; Linux x86_64) AppleWebKit/537.36 (KHTML, like Gecko) Chrome/74.0.3729.108 Safari/537.36','Linux','2019-05-01 22:07:32'),(362,9,'Notgabs','Erreur','Login/error',1,'Admin','127.0.0.1','Chrome 74.0.3729.108','Mozilla/5.0 (X11; Linux x86_64) AppleWebKit/537.36 (KHTML, like Gecko) Chrome/74.0.3729.108 Safari/537.36','Linux','2019-05-01 22:07:33'),(363,9,'Notgabs','Erreur','Login/error',1,'Admin','127.0.0.1','Chrome 74.0.3729.108','Mozilla/5.0 (X11; Linux x86_64) AppleWebKit/537.36 (KHTML, like Gecko) Chrome/74.0.3729.108 Safari/537.36','Linux','2019-05-01 22:07:33'),(364,9,'Notgabs','Erreur','Login/error',1,'Admin','127.0.0.1','Chrome 74.0.3729.108','Mozilla/5.0 (X11; Linux x86_64) AppleWebKit/537.36 (KHTML, like Gecko) Chrome/74.0.3729.108 Safari/537.36','Linux','2019-05-01 22:07:34'),(365,9,'Notgabs','Erreur','Login/error',1,'Admin','127.0.0.1','Chrome 74.0.3729.108','Mozilla/5.0 (X11; Linux x86_64) AppleWebKit/537.36 (KHTML, like Gecko) Chrome/74.0.3729.108 Safari/537.36','Linux','2019-05-01 22:07:34'),(366,9,'Notgabs','Erreur','Login/error',1,'Admin','127.0.0.1','Chrome 74.0.3729.108','Mozilla/5.0 (X11; Linux x86_64) AppleWebKit/537.36 (KHTML, like Gecko) Chrome/74.0.3729.108 Safari/537.36','Linux','2019-05-01 22:07:36'),(367,9,'Notgabs','Erreur','Login/error',1,'Admin','127.0.0.1','Chrome 74.0.3729.108','Mozilla/5.0 (X11; Linux x86_64) AppleWebKit/537.36 (KHTML, like Gecko) Chrome/74.0.3729.108 Safari/537.36','Linux','2019-05-01 22:07:36'),(368,9,'Notgabs','Erreur','Login/error',1,'Admin','127.0.0.1','Chrome 74.0.3729.108','Mozilla/5.0 (X11; Linux x86_64) AppleWebKit/537.36 (KHTML, like Gecko) Chrome/74.0.3729.108 Safari/537.36','Linux','2019-05-01 22:08:22'),(369,9,'Notgabs','Erreur','Login/error',1,'Admin','127.0.0.1','Chrome 74.0.3729.108','Mozilla/5.0 (X11; Linux x86_64) AppleWebKit/537.36 (KHTML, like Gecko) Chrome/74.0.3729.108 Safari/537.36','Linux','2019-05-01 22:08:22'),(370,9,'Notgabs','Erreur','Login/error',1,'Admin','127.0.0.1','Chrome 74.0.3729.108','Mozilla/5.0 (X11; Linux x86_64) AppleWebKit/537.36 (KHTML, like Gecko) Chrome/74.0.3729.108 Safari/537.36','Linux','2019-05-01 22:08:24'),(371,9,'Notgabs','Erreur','Login/error',1,'Admin','127.0.0.1','Chrome 74.0.3729.108','Mozilla/5.0 (X11; Linux x86_64) AppleWebKit/537.36 (KHTML, like Gecko) Chrome/74.0.3729.108 Safari/537.36','Linux','2019-05-01 22:08:24'),(372,9,'Notgabs','Erreur','Login/error',1,'Admin','127.0.0.1','Chrome 74.0.3729.108','Mozilla/5.0 (X11; Linux x86_64) AppleWebKit/537.36 (KHTML, like Gecko) Chrome/74.0.3729.108 Safari/537.36','Linux','2019-05-01 22:08:26'),(373,9,'Notgabs','Erreur','Login/error',1,'Admin','127.0.0.1','Chrome 74.0.3729.108','Mozilla/5.0 (X11; Linux x86_64) AppleWebKit/537.36 (KHTML, like Gecko) Chrome/74.0.3729.108 Safari/537.36','Linux','2019-05-01 22:08:26'),(374,9,'Notgabs','Erreur','Login/error',1,'Admin','127.0.0.1','Chrome 74.0.3729.108','Mozilla/5.0 (X11; Linux x86_64) AppleWebKit/537.36 (KHTML, like Gecko) Chrome/74.0.3729.108 Safari/537.36','Linux','2019-05-01 22:08:26'),(375,9,'Notgabs','Erreur','Login/error',1,'Admin','127.0.0.1','Chrome 74.0.3729.108','Mozilla/5.0 (X11; Linux x86_64) AppleWebKit/537.36 (KHTML, like Gecko) Chrome/74.0.3729.108 Safari/537.36','Linux','2019-05-01 22:08:27'),(376,9,'Notgabs','Erreur','Login/error',1,'Admin','127.0.0.1','Chrome 74.0.3729.108','Mozilla/5.0 (X11; Linux x86_64) AppleWebKit/537.36 (KHTML, like Gecko) Chrome/74.0.3729.108 Safari/537.36','Linux','2019-05-01 22:08:27'),(377,9,'Notgabs','Erreur','Login/error',1,'Admin','127.0.0.1','Chrome 74.0.3729.108','Mozilla/5.0 (X11; Linux x86_64) AppleWebKit/537.36 (KHTML, like Gecko) Chrome/74.0.3729.108 Safari/537.36','Linux','2019-05-01 22:08:27'),(378,9,'Notgabs','Erreur','Login/error',1,'Admin','127.0.0.1','Chrome 74.0.3729.108','Mozilla/5.0 (X11; Linux x86_64) AppleWebKit/537.36 (KHTML, like Gecko) Chrome/74.0.3729.108 Safari/537.36','Linux','2019-05-01 22:08:28'),(379,9,'Notgabs','Erreur','Login/error',1,'Admin','127.0.0.1','Chrome 74.0.3729.108','Mozilla/5.0 (X11; Linux x86_64) AppleWebKit/537.36 (KHTML, like Gecko) Chrome/74.0.3729.108 Safari/537.36','Linux','2019-05-01 22:08:28'),(380,9,'Notgabs','Erreur','Login/error',1,'Admin','127.0.0.1','Chrome 74.0.3729.108','Mozilla/5.0 (X11; Linux x86_64) AppleWebKit/537.36 (KHTML, like Gecko) Chrome/74.0.3729.108 Safari/537.36','Linux','2019-05-01 22:08:30'),(381,9,'Notgabs','Erreur','Login/error',1,'Admin','127.0.0.1','Chrome 74.0.3729.108','Mozilla/5.0 (X11; Linux x86_64) AppleWebKit/537.36 (KHTML, like Gecko) Chrome/74.0.3729.108 Safari/537.36','Linux','2019-05-01 22:08:31'),(382,9,'Notgabs','Erreur','Login/error',1,'Admin','127.0.0.1','Chrome 74.0.3729.108','Mozilla/5.0 (X11; Linux x86_64) AppleWebKit/537.36 (KHTML, like Gecko) Chrome/74.0.3729.108 Safari/537.36','Linux','2019-05-01 22:09:31'),(383,9,'Notgabs','Erreur','Login/error',1,'Admin','127.0.0.1','Chrome 74.0.3729.108','Mozilla/5.0 (X11; Linux x86_64) AppleWebKit/537.36 (KHTML, like Gecko) Chrome/74.0.3729.108 Safari/537.36','Linux','2019-05-01 22:09:31'),(384,9,'Notgabs','Erreur','Login/error',1,'Admin','127.0.0.1','Chrome 74.0.3729.108','Mozilla/5.0 (X11; Linux x86_64) AppleWebKit/537.36 (KHTML, like Gecko) Chrome/74.0.3729.108 Safari/537.36','Linux','2019-05-01 22:09:32'),(385,9,'Notgabs','Erreur','Login/error',1,'Admin','127.0.0.1','Chrome 74.0.3729.108','Mozilla/5.0 (X11; Linux x86_64) AppleWebKit/537.36 (KHTML, like Gecko) Chrome/74.0.3729.108 Safari/537.36','Linux','2019-05-01 22:09:32'),(386,9,'Notgabs','Erreur','Login/error',1,'Admin','127.0.0.1','Chrome 74.0.3729.108','Mozilla/5.0 (X11; Linux x86_64) AppleWebKit/537.36 (KHTML, like Gecko) Chrome/74.0.3729.108 Safari/537.36','Linux','2019-05-01 22:09:36'),(387,9,'Notgabs','Erreur','Login/error',1,'Admin','127.0.0.1','Chrome 74.0.3729.108','Mozilla/5.0 (X11; Linux x86_64) AppleWebKit/537.36 (KHTML, like Gecko) Chrome/74.0.3729.108 Safari/537.36','Linux','2019-05-01 22:09:36'),(388,9,'Notgabs','Erreur','Login/error',1,'Admin','127.0.0.1','Chrome 74.0.3729.108','Mozilla/5.0 (X11; Linux x86_64) AppleWebKit/537.36 (KHTML, like Gecko) Chrome/74.0.3729.108 Safari/537.36','Linux','2019-05-01 22:09:37'),(389,9,'Notgabs','Erreur','Login/error',1,'Admin','127.0.0.1','Chrome 74.0.3729.108','Mozilla/5.0 (X11; Linux x86_64) AppleWebKit/537.36 (KHTML, like Gecko) Chrome/74.0.3729.108 Safari/537.36','Linux','2019-05-01 22:09:37'),(390,9,'Notgabs','Erreur','Login/error',1,'Admin','127.0.0.1','Chrome 74.0.3729.108','Mozilla/5.0 (X11; Linux x86_64) AppleWebKit/537.36 (KHTML, like Gecko) Chrome/74.0.3729.108 Safari/537.36','Linux','2019-05-01 22:09:51'),(391,9,'Notgabs','Erreur','Login/error',1,'Admin','127.0.0.1','Chrome 74.0.3729.108','Mozilla/5.0 (X11; Linux x86_64) AppleWebKit/537.36 (KHTML, like Gecko) Chrome/74.0.3729.108 Safari/537.36','Linux','2019-05-01 22:09:51'),(392,9,'Notgabs','Erreur','Login/error',1,'Admin','127.0.0.1','Chrome 74.0.3729.108','Mozilla/5.0 (X11; Linux x86_64) AppleWebKit/537.36 (KHTML, like Gecko) Chrome/74.0.3729.108 Safari/537.36','Linux','2019-05-01 22:09:53'),(393,9,'Notgabs','Erreur','Login/error',1,'Admin','127.0.0.1','Chrome 74.0.3729.108','Mozilla/5.0 (X11; Linux x86_64) AppleWebKit/537.36 (KHTML, like Gecko) Chrome/74.0.3729.108 Safari/537.36','Linux','2019-05-01 22:09:54'),(394,9,'Notgabs','Erreur','Login/error',1,'Admin','127.0.0.1','Chrome 74.0.3729.108','Mozilla/5.0 (X11; Linux x86_64) AppleWebKit/537.36 (KHTML, like Gecko) Chrome/74.0.3729.108 Safari/537.36','Linux','2019-05-01 22:09:55'),(395,9,'Notgabs','Erreur','Login/error',1,'Admin','127.0.0.1','Chrome 74.0.3729.108','Mozilla/5.0 (X11; Linux x86_64) AppleWebKit/537.36 (KHTML, like Gecko) Chrome/74.0.3729.108 Safari/537.36','Linux','2019-05-01 22:09:55'),(396,9,'Notgabs','Erreur','Login/error',1,'Admin','127.0.0.1','Chrome 74.0.3729.108','Mozilla/5.0 (X11; Linux x86_64) AppleWebKit/537.36 (KHTML, like Gecko) Chrome/74.0.3729.108 Safari/537.36','Linux','2019-05-01 22:09:57'),(397,9,'Notgabs','Erreur','Login/error',1,'Admin','127.0.0.1','Chrome 74.0.3729.108','Mozilla/5.0 (X11; Linux x86_64) AppleWebKit/537.36 (KHTML, like Gecko) Chrome/74.0.3729.108 Safari/537.36','Linux','2019-05-01 22:09:57'),(398,9,'Notgabs','Erreur','Login/error',1,'Admin','127.0.0.1','Chrome 74.0.3729.108','Mozilla/5.0 (X11; Linux x86_64) AppleWebKit/537.36 (KHTML, like Gecko) Chrome/74.0.3729.108 Safari/537.36','Linux','2019-05-01 22:09:59'),(399,9,'Notgabs','Erreur','Login/error',1,'Admin','127.0.0.1','Chrome 74.0.3729.108','Mozilla/5.0 (X11; Linux x86_64) AppleWebKit/537.36 (KHTML, like Gecko) Chrome/74.0.3729.108 Safari/537.36','Linux','2019-05-01 22:09:59'),(400,9,'Notgabs','Changement de mot de passe','User/changePassword',1,'Admin','127.0.0.1','Chrome 74.0.3729.108','Mozilla/5.0 (X11; Linux x86_64) AppleWebKit/537.36 (KHTML, like Gecko) Chrome/74.0.3729.108 Safari/537.36','Linux','2019-05-01 22:10:13'),(401,9,'Notgabs','Erreur','Login/error',1,'Admin','127.0.0.1','Chrome 74.0.3729.108','Mozilla/5.0 (X11; Linux x86_64) AppleWebKit/537.36 (KHTML, like Gecko) Chrome/74.0.3729.108 Safari/537.36','Linux','2019-05-01 22:11:30'),(402,9,'Notgabs','Erreur','Login/error',1,'Admin','127.0.0.1','Chrome 74.0.3729.108','Mozilla/5.0 (X11; Linux x86_64) AppleWebKit/537.36 (KHTML, like Gecko) Chrome/74.0.3729.108 Safari/537.36','Linux','2019-05-01 22:11:30'),(403,9,'Notgabs','Erreur','Login/error',1,'Admin','127.0.0.1','Chrome 74.0.3729.108','Mozilla/5.0 (X11; Linux x86_64) AppleWebKit/537.36 (KHTML, like Gecko) Chrome/74.0.3729.108 Safari/537.36','Linux','2019-05-01 22:11:31'),(404,9,'Notgabs','Erreur','Login/error',1,'Admin','127.0.0.1','Chrome 74.0.3729.108','Mozilla/5.0 (X11; Linux x86_64) AppleWebKit/537.36 (KHTML, like Gecko) Chrome/74.0.3729.108 Safari/537.36','Linux','2019-05-01 22:11:31'),(405,9,'Notgabs','Erreur','Login/error',1,'Admin','127.0.0.1','Chrome 74.0.3729.108','Mozilla/5.0 (X11; Linux x86_64) AppleWebKit/537.36 (KHTML, like Gecko) Chrome/74.0.3729.108 Safari/537.36','Linux','2019-05-01 22:11:32'),(406,9,'Notgabs','Erreur','Login/error',1,'Admin','127.0.0.1','Chrome 74.0.3729.108','Mozilla/5.0 (X11; Linux x86_64) AppleWebKit/537.36 (KHTML, like Gecko) Chrome/74.0.3729.108 Safari/537.36','Linux','2019-05-01 22:11:32'),(407,9,'Notgabs','Erreur','Login/error',1,'Admin','127.0.0.1','Chrome 74.0.3729.108','Mozilla/5.0 (X11; Linux x86_64) AppleWebKit/537.36 (KHTML, like Gecko) Chrome/74.0.3729.108 Safari/537.36','Linux','2019-05-01 22:11:33'),(408,9,'Notgabs','Erreur','Login/error',1,'Admin','127.0.0.1','Chrome 74.0.3729.108','Mozilla/5.0 (X11; Linux x86_64) AppleWebKit/537.36 (KHTML, like Gecko) Chrome/74.0.3729.108 Safari/537.36','Linux','2019-05-01 22:11:33'),(409,9,'Notgabs','Erreur','Login/error',1,'Admin','127.0.0.1','Chrome 74.0.3729.108','Mozilla/5.0 (X11; Linux x86_64) AppleWebKit/537.36 (KHTML, like Gecko) Chrome/74.0.3729.108 Safari/537.36','Linux','2019-05-01 22:11:35'),(410,9,'Notgabs','Erreur','Login/error',1,'Admin','127.0.0.1','Chrome 74.0.3729.108','Mozilla/5.0 (X11; Linux x86_64) AppleWebKit/537.36 (KHTML, like Gecko) Chrome/74.0.3729.108 Safari/537.36','Linux','2019-05-01 22:11:35'),(411,9,'Notgabs','Toutes les Ressources','Manager/resources',1,'Admin','127.0.0.1','Chrome 74.0.3729.108','Mozilla/5.0 (X11; Linux x86_64) AppleWebKit/537.36 (KHTML, like Gecko) Chrome/74.0.3729.108 Safari/537.36','Linux','2019-05-01 22:14:10'),(412,9,'Notgabs','Toutes les Ressources','Manager/resources',1,'Admin','127.0.0.1','Chrome 74.0.3729.108','Mozilla/5.0 (X11; Linux x86_64) AppleWebKit/537.36 (KHTML, like Gecko) Chrome/74.0.3729.108 Safari/537.36','Linux','2019-05-01 22:14:26'),(413,9,'Notgabs','Ajouter une ressource','Resource/create',1,'Admin','127.0.0.1','Chrome 74.0.3729.108','Mozilla/5.0 (X11; Linux x86_64) AppleWebKit/537.36 (KHTML, like Gecko) Chrome/74.0.3729.108 Safari/537.36','Linux','2019-05-01 22:14:52'),(414,9,'Notgabs','Erreur','Login/error',1,'Admin','127.0.0.1','Chrome 74.0.3729.108','Mozilla/5.0 (X11; Linux x86_64) AppleWebKit/537.36 (KHTML, like Gecko) Chrome/74.0.3729.108 Safari/537.36','Linux','2019-05-01 22:15:45'),(415,9,'Notgabs','Erreur','Login/error',1,'Admin','127.0.0.1','Chrome 74.0.3729.108','Mozilla/5.0 (X11; Linux x86_64) AppleWebKit/537.36 (KHTML, like Gecko) Chrome/74.0.3729.108 Safari/537.36','Linux','2019-05-01 22:15:45'),(416,9,'Notgabs','Erreur','Login/error',1,'Admin','127.0.0.1','Chrome 74.0.3729.108','Mozilla/5.0 (X11; Linux x86_64) AppleWebKit/537.36 (KHTML, like Gecko) Chrome/74.0.3729.108 Safari/537.36','Linux','2019-05-01 22:15:46'),(417,9,'Notgabs','Erreur','Login/error',1,'Admin','127.0.0.1','Chrome 74.0.3729.108','Mozilla/5.0 (X11; Linux x86_64) AppleWebKit/537.36 (KHTML, like Gecko) Chrome/74.0.3729.108 Safari/537.36','Linux','2019-05-01 22:15:46'),(418,9,'Notgabs','Erreur','Login/error',1,'Admin','127.0.0.1','Chrome 74.0.3729.108','Mozilla/5.0 (X11; Linux x86_64) AppleWebKit/537.36 (KHTML, like Gecko) Chrome/74.0.3729.108 Safari/537.36','Linux','2019-05-01 22:15:48'),(419,9,'Notgabs','Erreur','Login/error',1,'Admin','127.0.0.1','Chrome 74.0.3729.108','Mozilla/5.0 (X11; Linux x86_64) AppleWebKit/537.36 (KHTML, like Gecko) Chrome/74.0.3729.108 Safari/537.36','Linux','2019-05-01 22:15:48'),(420,9,'Notgabs','Erreur','Login/error',1,'Admin','127.0.0.1','Chrome 74.0.3729.108','Mozilla/5.0 (X11; Linux x86_64) AppleWebKit/537.36 (KHTML, like Gecko) Chrome/74.0.3729.108 Safari/537.36','Linux','2019-05-01 22:17:22'),(421,9,'Notgabs','Erreur','Login/error',1,'Admin','127.0.0.1','Chrome 74.0.3729.108','Mozilla/5.0 (X11; Linux x86_64) AppleWebKit/537.36 (KHTML, like Gecko) Chrome/74.0.3729.108 Safari/537.36','Linux','2019-05-01 22:17:22'),(422,9,'Notgabs','Erreur','Login/error',1,'Admin','127.0.0.1','Chrome 74.0.3729.108','Mozilla/5.0 (X11; Linux x86_64) AppleWebKit/537.36 (KHTML, like Gecko) Chrome/74.0.3729.108 Safari/537.36','Linux','2019-05-01 22:18:13'),(423,9,'Notgabs','Erreur','Login/error',1,'Admin','127.0.0.1','Chrome 74.0.3729.108','Mozilla/5.0 (X11; Linux x86_64) AppleWebKit/537.36 (KHTML, like Gecko) Chrome/74.0.3729.108 Safari/537.36','Linux','2019-05-01 22:18:13'),(424,9,'Notgabs','Erreur','Login/error',1,'Admin','127.0.0.1','Chrome 74.0.3729.108','Mozilla/5.0 (X11; Linux x86_64) AppleWebKit/537.36 (KHTML, like Gecko) Chrome/74.0.3729.108 Safari/537.36','Linux','2019-05-01 22:19:55'),(425,9,'Notgabs','Erreur','Login/error',1,'Admin','127.0.0.1','Chrome 74.0.3729.108','Mozilla/5.0 (X11; Linux x86_64) AppleWebKit/537.36 (KHTML, like Gecko) Chrome/74.0.3729.108 Safari/537.36','Linux','2019-05-01 22:19:55'),(426,9,'Notgabs','Erreur','Login/error',1,'Admin','127.0.0.1','Chrome 74.0.3729.108','Mozilla/5.0 (X11; Linux x86_64) AppleWebKit/537.36 (KHTML, like Gecko) Chrome/74.0.3729.108 Safari/537.36','Linux','2019-05-01 22:20:16'),(427,9,'Notgabs','Erreur','Login/error',1,'Admin','127.0.0.1','Chrome 74.0.3729.108','Mozilla/5.0 (X11; Linux x86_64) AppleWebKit/537.36 (KHTML, like Gecko) Chrome/74.0.3729.108 Safari/537.36','Linux','2019-05-01 22:20:16'),(428,9,'Notgabs','Çıkış','BaseController/logout',1,'Admin','127.0.0.1','Chrome 74.0.3729.108','Mozilla/5.0 (X11; Linux x86_64) AppleWebKit/537.36 (KHTML, like Gecko) Chrome/74.0.3729.108 Safari/537.36','Linux','2019-05-01 22:22:53'),(429,1,'Notgabs Loreim','Giriş','Login/loginMe',1,'Admin','127.0.0.1','Chrome 74.0.3729.108','Mozilla/5.0 (X11; Linux x86_64) AppleWebKit/537.36 (KHTML, like Gecko) Chrome/74.0.3729.108 Safari/537.36','Linux','2019-05-01 22:23:11'),(430,1,'Notgabs Loreim','Changement de mot de passe','User/changePassword',1,'Admin','127.0.0.1','Chrome 74.0.3729.108','Mozilla/5.0 (X11; Linux x86_64) AppleWebKit/537.36 (KHTML, like Gecko) Chrome/74.0.3729.108 Safari/537.36','Linux','2019-05-01 22:23:23'),(431,1,'Notgabs Loreim','Erreur','Login/error',1,'Admin','127.0.0.1','Chrome 74.0.3729.108','Mozilla/5.0 (X11; Linux x86_64) AppleWebKit/537.36 (KHTML, like Gecko) Chrome/74.0.3729.108 Safari/537.36','Linux','2019-05-01 22:24:41'),(432,1,'Notgabs Loreim','Erreur','Login/error',1,'Admin','127.0.0.1','Chrome 74.0.3729.108','Mozilla/5.0 (X11; Linux x86_64) AppleWebKit/537.36 (KHTML, like Gecko) Chrome/74.0.3729.108 Safari/537.36','Linux','2019-05-01 22:24:41'),(433,1,'Notgabs Loreim','Erreur','Login/error',1,'Admin','127.0.0.1','Chrome 74.0.3729.108','Mozilla/5.0 (X11; Linux x86_64) AppleWebKit/537.36 (KHTML, like Gecko) Chrome/74.0.3729.108 Safari/537.36','Linux','2019-05-01 22:24:44'),(434,1,'Notgabs Loreim','Erreur','Login/error',1,'Admin','127.0.0.1','Chrome 74.0.3729.108','Mozilla/5.0 (X11; Linux x86_64) AppleWebKit/537.36 (KHTML, like Gecko) Chrome/74.0.3729.108 Safari/537.36','Linux','2019-05-01 22:24:44'),(435,1,'Notgabs Loreim','Erreur','Login/error',1,'Admin','127.0.0.1','Chrome 74.0.3729.108','Mozilla/5.0 (X11; Linux x86_64) AppleWebKit/537.36 (KHTML, like Gecko) Chrome/74.0.3729.108 Safari/537.36','Linux','2019-05-01 22:24:50'),(436,1,'Notgabs Loreim','Erreur','Login/error',1,'Admin','127.0.0.1','Chrome 74.0.3729.108','Mozilla/5.0 (X11; Linux x86_64) AppleWebKit/537.36 (KHTML, like Gecko) Chrome/74.0.3729.108 Safari/537.36','Linux','2019-05-01 22:24:50'),(437,1,'Notgabs Loreim','Erreur','Login/error',1,'Admin','127.0.0.1','Chrome 74.0.3729.108','Mozilla/5.0 (X11; Linux x86_64) AppleWebKit/537.36 (KHTML, like Gecko) Chrome/74.0.3729.108 Safari/537.36','Linux','2019-05-01 22:26:42'),(438,1,'Notgabs Loreim','Erreur','Login/error',1,'Admin','127.0.0.1','Chrome 74.0.3729.108','Mozilla/5.0 (X11; Linux x86_64) AppleWebKit/537.36 (KHTML, like Gecko) Chrome/74.0.3729.108 Safari/537.36','Linux','2019-05-01 22:26:42'),(439,1,'Notgabs Loreim','Erreur','Login/error',1,'Admin','127.0.0.1','Chrome 74.0.3729.108','Mozilla/5.0 (X11; Linux x86_64) AppleWebKit/537.36 (KHTML, like Gecko) Chrome/74.0.3729.108 Safari/537.36','Linux','2019-05-01 22:26:45'),(440,1,'Notgabs Loreim','Erreur','Login/error',1,'Admin','127.0.0.1','Chrome 74.0.3729.108','Mozilla/5.0 (X11; Linux x86_64) AppleWebKit/537.36 (KHTML, like Gecko) Chrome/74.0.3729.108 Safari/537.36','Linux','2019-05-01 22:26:45'),(441,1,'Notgabs Loreim','Erreur','Login/error',1,'Admin','127.0.0.1','Chrome 74.0.3729.108','Mozilla/5.0 (X11; Linux x86_64) AppleWebKit/537.36 (KHTML, like Gecko) Chrome/74.0.3729.108 Safari/537.36','Linux','2019-05-01 22:30:53'),(442,1,'Notgabs Loreim','Erreur','Login/error',1,'Admin','127.0.0.1','Chrome 74.0.3729.108','Mozilla/5.0 (X11; Linux x86_64) AppleWebKit/537.36 (KHTML, like Gecko) Chrome/74.0.3729.108 Safari/537.36','Linux','2019-05-01 22:30:53'),(443,1,'Notgabs Loreim','Erreur','Login/error',1,'Admin','127.0.0.1','Chrome 74.0.3729.108','Mozilla/5.0 (X11; Linux x86_64) AppleWebKit/537.36 (KHTML, like Gecko) Chrome/74.0.3729.108 Safari/537.36','Linux','2019-05-01 22:30:56'),(444,1,'Notgabs Loreim','Erreur','Login/error',1,'Admin','127.0.0.1','Chrome 74.0.3729.108','Mozilla/5.0 (X11; Linux x86_64) AppleWebKit/537.36 (KHTML, like Gecko) Chrome/74.0.3729.108 Safari/537.36','Linux','2019-05-01 22:30:56'),(445,1,'Notgabs Loreim','Erreur','Login/error',1,'Admin','127.0.0.1','Chrome 74.0.3729.108','Mozilla/5.0 (X11; Linux x86_64) AppleWebKit/537.36 (KHTML, like Gecko) Chrome/74.0.3729.108 Safari/537.36','Linux','2019-05-01 22:30:58'),(446,1,'Notgabs Loreim','Erreur','Login/error',1,'Admin','127.0.0.1','Chrome 74.0.3729.108','Mozilla/5.0 (X11; Linux x86_64) AppleWebKit/537.36 (KHTML, like Gecko) Chrome/74.0.3729.108 Safari/537.36','Linux','2019-05-01 22:30:58'),(447,1,'Notgabs Loreim','Changement de mot de passe','User/changePassword',1,'Admin','127.0.0.1','Chrome 74.0.3729.108','Mozilla/5.0 (X11; Linux x86_64) AppleWebKit/537.36 (KHTML, like Gecko) Chrome/74.0.3729.108 Safari/537.36','Linux','2019-05-01 22:31:17'),(448,1,'Notgabs Loreim','Erreur','Login/error',1,'Admin','127.0.0.1','Chrome 74.0.3729.108','Mozilla/5.0 (X11; Linux x86_64) AppleWebKit/537.36 (KHTML, like Gecko) Chrome/74.0.3729.108 Safari/537.36','Linux','2019-05-01 22:31:20'),(449,1,'Notgabs Loreim','Erreur','Login/error',1,'Admin','127.0.0.1','Chrome 74.0.3729.108','Mozilla/5.0 (X11; Linux x86_64) AppleWebKit/537.36 (KHTML, like Gecko) Chrome/74.0.3729.108 Safari/537.36','Linux','2019-05-01 22:31:20'),(450,1,'Notgabs Loreim','Erreur','Login/error',1,'Admin','127.0.0.1','Chrome 74.0.3729.108','Mozilla/5.0 (X11; Linux x86_64) AppleWebKit/537.36 (KHTML, like Gecko) Chrome/74.0.3729.108 Safari/537.36','Linux','2019-05-01 22:31:23'),(451,1,'Notgabs Loreim','Erreur','Login/error',1,'Admin','127.0.0.1','Chrome 74.0.3729.108','Mozilla/5.0 (X11; Linux x86_64) AppleWebKit/537.36 (KHTML, like Gecko) Chrome/74.0.3729.108 Safari/537.36','Linux','2019-05-01 22:31:23'),(452,1,'Notgabs Loreim','Toutes les Ressources','Manager/resources',1,'Admin','127.0.0.1','Chrome 74.0.3729.108','Mozilla/5.0 (X11; Linux x86_64) AppleWebKit/537.36 (KHTML, like Gecko) Chrome/74.0.3729.108 Safari/537.36','Linux','2019-05-01 22:31:34'),(453,1,'Notgabs Loreim','Toutes les Ressources','Manager/resources',1,'Admin','127.0.0.1','Chrome 74.0.3729.108','Mozilla/5.0 (X11; Linux x86_64) AppleWebKit/537.36 (KHTML, like Gecko) Chrome/74.0.3729.108 Safari/537.36','Linux','2019-05-01 22:31:37'),(454,1,'Notgabs Loreim','Mise à jour des paramètres du compte','User/editProfile',1,'Admin','127.0.0.1','Chrome 74.0.3729.108','Mozilla/5.0 (X11; Linux x86_64) AppleWebKit/537.36 (KHTML, like Gecko) Chrome/74.0.3729.108 Safari/537.36','Linux','2019-05-01 22:31:43'),(455,1,'Notgabs Loreim','Mise à jour des paramètres du compte','User/editProfile',1,'Admin','127.0.0.1','Chrome 74.0.3729.108','Mozilla/5.0 (X11; Linux x86_64) AppleWebKit/537.36 (KHTML, like Gecko) Chrome/74.0.3729.108 Safari/537.36','Linux','2019-05-01 22:31:57'),(456,1,'Notgabs Loreim','Çıkış','BaseController/logout',1,'Admin','127.0.0.1','Chrome 74.0.3729.108','Mozilla/5.0 (X11; Linux x86_64) AppleWebKit/537.36 (KHTML, like Gecko) Chrome/74.0.3729.108 Safari/537.36','Linux','2019-05-01 22:32:18'),(457,1,'Notgabs Gybs','Giriş','Login/loginMe',1,'Admin','127.0.0.1','Chrome 74.0.3729.108','Mozilla/5.0 (X11; Linux x86_64) AppleWebKit/537.36 (KHTML, like Gecko) Chrome/74.0.3729.108 Safari/537.36','Linux','2019-05-01 22:32:28'),(458,1,'Notgabs Gybs','Erreur','Login/error',1,'Admin','127.0.0.1','Chrome 74.0.3729.108','Mozilla/5.0 (X11; Linux x86_64) AppleWebKit/537.36 (KHTML, like Gecko) Chrome/74.0.3729.108 Safari/537.36','Linux','2019-05-01 22:32:28'),(459,1,'Notgabs Gybs','Erreur','Login/error',1,'Admin','127.0.0.1','Chrome 74.0.3729.108','Mozilla/5.0 (X11; Linux x86_64) AppleWebKit/537.36 (KHTML, like Gecko) Chrome/74.0.3729.108 Safari/537.36','Linux','2019-05-01 22:32:29'),(460,1,'Notgabs Gybs','Erreur','Login/error',1,'Admin','127.0.0.1','Chrome 74.0.3729.108','Mozilla/5.0 (X11; Linux x86_64) AppleWebKit/537.36 (KHTML, like Gecko) Chrome/74.0.3729.108 Safari/537.36','Linux','2019-05-01 22:33:21'),(461,1,'Notgabs Gybs','Erreur','Login/error',1,'Admin','127.0.0.1','Chrome 74.0.3729.108','Mozilla/5.0 (X11; Linux x86_64) AppleWebKit/537.36 (KHTML, like Gecko) Chrome/74.0.3729.108 Safari/537.36','Linux','2019-05-01 22:33:21'),(462,1,'Notgabs Gybs','Toutes les Ressources','Manager/resources',1,'Admin','127.0.0.1','Chrome 74.0.3729.108','Mozilla/5.0 (X11; Linux x86_64) AppleWebKit/537.36 (KHTML, like Gecko) Chrome/74.0.3729.108 Safari/537.36','Linux','2019-05-01 22:33:22'),(463,1,'Notgabs Gybs','Toutes les Ressources','Manager/resources',1,'Admin','127.0.0.1','Chrome 74.0.3729.108','Mozilla/5.0 (X11; Linux x86_64) AppleWebKit/537.36 (KHTML, like Gecko) Chrome/74.0.3729.108 Safari/537.36','Linux','2019-05-01 23:18:07'),(464,1,'Notgabs Gybs','Changement de mot de passe','User/changePassword',1,'Admin','127.0.0.1','Chrome 74.0.3729.108','Mozilla/5.0 (X11; Linux x86_64) AppleWebKit/537.36 (KHTML, like Gecko) Chrome/74.0.3729.108 Safari/537.36','Linux','2019-05-01 23:18:20'),(465,1,'Notgabs Gybs','Erreur','Login/error',1,'Admin','127.0.0.1','Chrome 74.0.3729.108','Mozilla/5.0 (X11; Linux x86_64) AppleWebKit/537.36 (KHTML, like Gecko) Chrome/74.0.3729.108 Safari/537.36','Linux','2019-05-01 23:18:22'),(466,1,'Notgabs Gybs','Erreur','Login/error',1,'Admin','127.0.0.1','Chrome 74.0.3729.108','Mozilla/5.0 (X11; Linux x86_64) AppleWebKit/537.36 (KHTML, like Gecko) Chrome/74.0.3729.108 Safari/537.36','Linux','2019-05-01 23:18:22'),(467,1,'Notgabs Gybs','Erreur','Login/error',1,'Admin','127.0.0.1','Chrome 74.0.3729.108','Mozilla/5.0 (X11; Linux x86_64) AppleWebKit/537.36 (KHTML, like Gecko) Chrome/74.0.3729.108 Safari/537.36','Linux','2019-05-01 23:34:41'),(468,1,'Notgabs Gybs','Erreur','Login/error',1,'Admin','127.0.0.1','Chrome 74.0.3729.108','Mozilla/5.0 (X11; Linux x86_64) AppleWebKit/537.36 (KHTML, like Gecko) Chrome/74.0.3729.108 Safari/537.36','Linux','2019-05-01 23:34:41'),(469,1,'Notgabs Gybs','Erreur','Login/error',1,'Admin','127.0.0.1','Chrome 74.0.3729.108','Mozilla/5.0 (X11; Linux x86_64) AppleWebKit/537.36 (KHTML, like Gecko) Chrome/74.0.3729.108 Safari/537.36','Linux','2019-05-01 23:34:45'),(470,1,'Notgabs Gybs','Erreur','Login/error',1,'Admin','127.0.0.1','Chrome 74.0.3729.108','Mozilla/5.0 (X11; Linux x86_64) AppleWebKit/537.36 (KHTML, like Gecko) Chrome/74.0.3729.108 Safari/537.36','Linux','2019-05-01 23:34:45'),(471,1,'Notgabs Gybs','Erreur','Login/error',1,'Admin','127.0.0.1','Chrome 74.0.3729.108','Mozilla/5.0 (X11; Linux x86_64) AppleWebKit/537.36 (KHTML, like Gecko) Chrome/74.0.3729.108 Safari/537.36','Linux','2019-05-01 23:50:23'),(472,1,'Notgabs Gybs','Erreur','Login/error',1,'Admin','127.0.0.1','Chrome 74.0.3729.108','Mozilla/5.0 (X11; Linux x86_64) AppleWebKit/537.36 (KHTML, like Gecko) Chrome/74.0.3729.108 Safari/537.36','Linux','2019-05-01 23:50:23'),(473,1,'Notgabs Gybs','Erreur','Login/error',1,'Admin','127.0.0.1','Chrome 74.0.3729.108','Mozilla/5.0 (X11; Linux x86_64) AppleWebKit/537.36 (KHTML, like Gecko) Chrome/74.0.3729.108 Safari/537.36','Linux','2019-05-01 23:51:21'),(474,1,'Notgabs Gybs','Erreur','Login/error',1,'Admin','127.0.0.1','Chrome 74.0.3729.108','Mozilla/5.0 (X11; Linux x86_64) AppleWebKit/537.36 (KHTML, like Gecko) Chrome/74.0.3729.108 Safari/537.36','Linux','2019-05-01 23:51:21'),(475,1,'Notgabs Gybs','Erreur','Login/error',1,'Admin','127.0.0.1','Chrome 74.0.3729.108','Mozilla/5.0 (X11; Linux x86_64) AppleWebKit/537.36 (KHTML, like Gecko) Chrome/74.0.3729.108 Safari/537.36','Linux','2019-05-01 23:51:22'),(476,1,'Notgabs Gybs','Erreur','Login/error',1,'Admin','127.0.0.1','Chrome 74.0.3729.108','Mozilla/5.0 (X11; Linux x86_64) AppleWebKit/537.36 (KHTML, like Gecko) Chrome/74.0.3729.108 Safari/537.36','Linux','2019-05-01 23:51:22'),(477,1,'Notgabs Gybs','Erreur','Login/error',1,'Admin','127.0.0.1','Chrome 74.0.3729.108','Mozilla/5.0 (X11; Linux x86_64) AppleWebKit/537.36 (KHTML, like Gecko) Chrome/74.0.3729.108 Safari/537.36','Linux','2019-05-01 23:51:24'),(478,1,'Notgabs Gybs','Erreur','Login/error',1,'Admin','127.0.0.1','Chrome 74.0.3729.108','Mozilla/5.0 (X11; Linux x86_64) AppleWebKit/537.36 (KHTML, like Gecko) Chrome/74.0.3729.108 Safari/537.36','Linux','2019-05-01 23:51:24'),(479,1,'Notgabs Gybs','Erreur','Login/error',1,'Admin','127.0.0.1','Chrome 74.0.3729.108','Mozilla/5.0 (X11; Linux x86_64) AppleWebKit/537.36 (KHTML, like Gecko) Chrome/74.0.3729.108 Safari/537.36','Linux','2019-05-01 23:52:27'),(480,1,'Notgabs Gybs','Erreur','Login/error',1,'Admin','127.0.0.1','Chrome 74.0.3729.108','Mozilla/5.0 (X11; Linux x86_64) AppleWebKit/537.36 (KHTML, like Gecko) Chrome/74.0.3729.108 Safari/537.36','Linux','2019-05-01 23:52:27'),(481,1,'Notgabs Gybs','Çıkış','BaseController/logout',1,'Admin','127.0.0.1','Chrome 74.0.3729.108','Mozilla/5.0 (X11; Linux x86_64) AppleWebKit/537.36 (KHTML, like Gecko) Chrome/74.0.3729.108 Safari/537.36','Linux','2019-05-01 23:52:35'),(482,1,'Notgabs Loreim','Connexion','Login/loginMe',1,'ROLE_ADMIN','127.0.0.1','Chrome 74.0.3729.108','Mozilla/5.0 (X11; Linux x86_64) AppleWebKit/537.36 (KHTML, like Gecko) Chrome/74.0.3729.108 Safari/537.36','Linux','2019-05-01 23:52:46'),(483,1,'Notgabs Loreim','Erreur','Login/error',1,'ROLE_ADMIN','127.0.0.1','Chrome 74.0.3729.108','Mozilla/5.0 (X11; Linux x86_64) AppleWebKit/537.36 (KHTML, like Gecko) Chrome/74.0.3729.108 Safari/537.36','Linux','2019-05-01 23:52:46'),(484,1,'Notgabs Loreim','Erreur','Login/error',1,'ROLE_ADMIN','127.0.0.1','Chrome 74.0.3729.108','Mozilla/5.0 (X11; Linux x86_64) AppleWebKit/537.36 (KHTML, like Gecko) Chrome/74.0.3729.108 Safari/537.36','Linux','2019-05-01 23:52:46'),(485,1,'Notgabs Loreim','Erreur','Login/error',1,'ROLE_ADMIN','127.0.0.1','Chrome 74.0.3729.108','Mozilla/5.0 (X11; Linux x86_64) AppleWebKit/537.36 (KHTML, like Gecko) Chrome/74.0.3729.108 Safari/537.36','Linux','2019-05-01 23:53:09'),(486,1,'Notgabs Loreim','Erreur','Login/error',1,'ROLE_ADMIN','127.0.0.1','Chrome 74.0.3729.108','Mozilla/5.0 (X11; Linux x86_64) AppleWebKit/537.36 (KHTML, like Gecko) Chrome/74.0.3729.108 Safari/537.36','Linux','2019-05-01 23:53:09'),(487,1,'Notgabs Loreim','Erreur','Login/error',1,'ROLE_ADMIN','127.0.0.1','Chrome 74.0.3729.108','Mozilla/5.0 (X11; Linux x86_64) AppleWebKit/537.36 (KHTML, like Gecko) Chrome/74.0.3729.108 Safari/537.36','Linux','2019-05-01 23:53:35'),(488,1,'Notgabs Loreim','Erreur','Login/error',1,'ROLE_ADMIN','127.0.0.1','Chrome 74.0.3729.108','Mozilla/5.0 (X11; Linux x86_64) AppleWebKit/537.36 (KHTML, like Gecko) Chrome/74.0.3729.108 Safari/537.36','Linux','2019-05-01 23:53:35'),(489,1,'Notgabs Loreim','Erreur','Login/error',1,'ROLE_ADMIN','127.0.0.1','Chrome 74.0.3729.108','Mozilla/5.0 (X11; Linux x86_64) AppleWebKit/537.36 (KHTML, like Gecko) Chrome/74.0.3729.108 Safari/537.36','Linux','2019-05-01 23:53:37'),(490,1,'Notgabs Loreim','Erreur','Login/error',1,'ROLE_ADMIN','127.0.0.1','Chrome 74.0.3729.108','Mozilla/5.0 (X11; Linux x86_64) AppleWebKit/537.36 (KHTML, like Gecko) Chrome/74.0.3729.108 Safari/537.36','Linux','2019-05-01 23:53:37'),(491,1,'Notgabs Loreim','Erreur','Login/error',1,'ROLE_ADMIN','127.0.0.1','Chrome 74.0.3729.108','Mozilla/5.0 (X11; Linux x86_64) AppleWebKit/537.36 (KHTML, like Gecko) Chrome/74.0.3729.108 Safari/537.36','Linux','2019-05-01 23:53:50'),(492,1,'Notgabs Loreim','Erreur','Login/error',1,'ROLE_ADMIN','127.0.0.1','Chrome 74.0.3729.108','Mozilla/5.0 (X11; Linux x86_64) AppleWebKit/537.36 (KHTML, like Gecko) Chrome/74.0.3729.108 Safari/537.36','Linux','2019-05-01 23:53:50'),(493,1,'Notgabs Loreim','Erreur','Login/error',1,'ROLE_ADMIN','127.0.0.1','Chrome 74.0.3729.108','Mozilla/5.0 (X11; Linux x86_64) AppleWebKit/537.36 (KHTML, like Gecko) Chrome/74.0.3729.108 Safari/537.36','Linux','2019-05-01 23:53:57'),(494,1,'Notgabs Loreim','Erreur','Login/error',1,'ROLE_ADMIN','127.0.0.1','Chrome 74.0.3729.108','Mozilla/5.0 (X11; Linux x86_64) AppleWebKit/537.36 (KHTML, like Gecko) Chrome/74.0.3729.108 Safari/537.36','Linux','2019-05-01 23:53:57'),(495,1,'Notgabs Loreim','Çıkış','BaseController/logout',1,'ROLE_ADMIN','127.0.0.1','Chrome 74.0.3729.108','Mozilla/5.0 (X11; Linux x86_64) AppleWebKit/537.36 (KHTML, like Gecko) Chrome/74.0.3729.108 Safari/537.36','Linux','2019-05-01 23:55:40'),(496,1,'Notgabs Loreim','Erreur','Login/error',0,'ROLE_ADMIN','127.0.0.1','Chrome 74.0.3729.108','Mozilla/5.0 (X11; Linux x86_64) AppleWebKit/537.36 (KHTML, like Gecko) Chrome/74.0.3729.108 Safari/537.36','Linux','2019-05-02 00:01:04'),(497,1,'Notgabs Loreim','Erreur','Login/error',0,'ROLE_ADMIN','127.0.0.1','Chrome 74.0.3729.108','Mozilla/5.0 (X11; Linux x86_64) AppleWebKit/537.36 (KHTML, like Gecko) Chrome/74.0.3729.108 Safari/537.36','Linux','2019-05-02 00:01:04'),(498,1,'Notgabs Loreim','Çıkış','BaseController/logout',0,'ROLE_ADMIN','127.0.0.1','Chrome 74.0.3729.108','Mozilla/5.0 (X11; Linux x86_64) AppleWebKit/537.36 (KHTML, like Gecko) Chrome/74.0.3729.108 Safari/537.36','Linux','2019-05-02 00:01:10'),(499,1,'Notgabs Loreim','Connexion','Login/loginMe',0,'ROLE_ADMIN','127.0.0.1','Chrome 74.0.3729.108','Mozilla/5.0 (X11; Linux x86_64) AppleWebKit/537.36 (KHTML, like Gecko) Chrome/74.0.3729.108 Safari/537.36','Linux','2019-05-02 00:01:19'),(500,1,'Notgabs Loreim','Erreur','Login/error',0,'ROLE_ADMIN','127.0.0.1','Chrome 74.0.3729.108','Mozilla/5.0 (X11; Linux x86_64) AppleWebKit/537.36 (KHTML, like Gecko) Chrome/74.0.3729.108 Safari/537.36','Linux','2019-05-02 00:01:19'),(501,1,'Notgabs Loreim','Erreur','Login/error',0,'ROLE_ADMIN','127.0.0.1','Chrome 74.0.3729.108','Mozilla/5.0 (X11; Linux x86_64) AppleWebKit/537.36 (KHTML, like Gecko) Chrome/74.0.3729.108 Safari/537.36','Linux','2019-05-02 00:01:20'),(502,1,'Notgabs Loreim','Toutes les Ressources','Manager/resources',0,'ROLE_ADMIN','127.0.0.1','Chrome 74.0.3729.108','Mozilla/5.0 (X11; Linux x86_64) AppleWebKit/537.36 (KHTML, like Gecko) Chrome/74.0.3729.108 Safari/537.36','Linux','2019-05-02 00:01:22'),(503,1,'Notgabs Loreim','Toutes les Ressources','Manager/resources',0,'ROLE_ADMIN','127.0.0.1','Chrome 74.0.3729.108','Mozilla/5.0 (X11; Linux x86_64) AppleWebKit/537.36 (KHTML, like Gecko) Chrome/74.0.3729.108 Safari/537.36','Linux','2019-05-02 00:01:34'),(504,1,'Notgabs Loreim','Erreur','Login/error',1,'Administrateur','127.0.0.1','Chrome 74.0.3729.108','Mozilla/5.0 (X11; Linux x86_64) AppleWebKit/537.36 (KHTML, like Gecko) Chrome/74.0.3729.108 Safari/537.36','Linux','2019-05-02 00:13:26'),(505,1,'Notgabs Loreim','Erreur','Login/error',1,'Administrateur','127.0.0.1','Chrome 74.0.3729.108','Mozilla/5.0 (X11; Linux x86_64) AppleWebKit/537.36 (KHTML, like Gecko) Chrome/74.0.3729.108 Safari/537.36','Linux','2019-05-02 00:13:26'),(506,1,'Notgabs Loreim','Çıkış','BaseController/logout',1,'Administrateur','127.0.0.1','Chrome 74.0.3729.108','Mozilla/5.0 (X11; Linux x86_64) AppleWebKit/537.36 (KHTML, like Gecko) Chrome/74.0.3729.108 Safari/537.36','Linux','2019-05-02 00:13:29'),(507,1,'Notgabs Loreim','Connexion','Login/loginMe',1,'Administrateur','127.0.0.1','Chrome 74.0.3729.108','Mozilla/5.0 (X11; Linux x86_64) AppleWebKit/537.36 (KHTML, like Gecko) Chrome/74.0.3729.108 Safari/537.36','Linux','2019-05-02 00:13:39'),(508,1,'Notgabs Loreim','Erreur','Login/error',1,'Administrateur','127.0.0.1','Chrome 74.0.3729.108','Mozilla/5.0 (X11; Linux x86_64) AppleWebKit/537.36 (KHTML, like Gecko) Chrome/74.0.3729.108 Safari/537.36','Linux','2019-05-02 00:13:39'),(509,1,'Notgabs Loreim','Erreur','Login/error',1,'Administrateur','127.0.0.1','Chrome 74.0.3729.108','Mozilla/5.0 (X11; Linux x86_64) AppleWebKit/537.36 (KHTML, like Gecko) Chrome/74.0.3729.108 Safari/537.36','Linux','2019-05-02 00:13:39'),(510,1,'Notgabs Loreim','Toutes les Ressources','Manager/resources',1,'Administrateur','127.0.0.1','Chrome 74.0.3729.108','Mozilla/5.0 (X11; Linux x86_64) AppleWebKit/537.36 (KHTML, like Gecko) Chrome/74.0.3729.108 Safari/537.36','Linux','2019-05-02 00:13:42'),(511,1,'Notgabs Loreim','Erreur','Login/error',1,'Administrateur','127.0.0.1','Chrome 74.0.3729.108','Mozilla/5.0 (X11; Linux x86_64) AppleWebKit/537.36 (KHTML, like Gecko) Chrome/74.0.3729.108 Safari/537.36','Linux','2019-05-02 00:13:44'),(512,1,'Notgabs Loreim','Erreur','Login/error',1,'Administrateur','127.0.0.1','Chrome 74.0.3729.108','Mozilla/5.0 (X11; Linux x86_64) AppleWebKit/537.36 (KHTML, like Gecko) Chrome/74.0.3729.108 Safari/537.36','Linux','2019-05-02 00:13:44'),(513,1,'Notgabs Loreim','Toutes les Ressources','Manager/resources',1,'Administrateur','127.0.0.1','Chrome 74.0.3729.108','Mozilla/5.0 (X11; Linux x86_64) AppleWebKit/537.36 (KHTML, like Gecko) Chrome/74.0.3729.108 Safari/537.36','Linux','2019-05-02 00:13:45'),(514,1,'Notgabs Loreim','Erreur','Login/error',1,'Administrateur','127.0.0.1','Chrome 74.0.3729.108','Mozilla/5.0 (X11; Linux x86_64) AppleWebKit/537.36 (KHTML, like Gecko) Chrome/74.0.3729.108 Safari/537.36','Linux','2019-05-02 00:13:47'),(515,1,'Notgabs Loreim','Erreur','Login/error',1,'Administrateur','127.0.0.1','Chrome 74.0.3729.108','Mozilla/5.0 (X11; Linux x86_64) AppleWebKit/537.36 (KHTML, like Gecko) Chrome/74.0.3729.108 Safari/537.36','Linux','2019-05-02 00:13:47'),(516,1,'Notgabs Loreim','Toutes les Ressources','Manager/resources',1,'Administrateur','127.0.0.1','Chrome 74.0.3729.108','Mozilla/5.0 (X11; Linux x86_64) AppleWebKit/537.36 (KHTML, like Gecko) Chrome/74.0.3729.108 Safari/537.36','Linux','2019-05-02 00:13:52'),(517,1,'Notgabs Loreim','Erreur','Login/error',1,'Administrateur','127.0.0.1','Chrome 74.0.3729.108','Mozilla/5.0 (X11; Linux x86_64) AppleWebKit/537.36 (KHTML, like Gecko) Chrome/74.0.3729.108 Safari/537.36','Linux','2019-05-02 00:14:33'),(518,1,'Notgabs Loreim','Erreur','Login/error',1,'Administrateur','127.0.0.1','Chrome 74.0.3729.108','Mozilla/5.0 (X11; Linux x86_64) AppleWebKit/537.36 (KHTML, like Gecko) Chrome/74.0.3729.108 Safari/537.36','Linux','2019-05-02 00:14:33'),(519,1,'Notgabs Loreim','Déconnexion','BaseController/logout',1,'Administrateur','127.0.0.1','Chrome 74.0.3729.108','Mozilla/5.0 (X11; Linux x86_64) AppleWebKit/537.36 (KHTML, like Gecko) Chrome/74.0.3729.108 Safari/537.36','Linux','2019-05-02 00:14:36'),(520,1,'Notgabs Loreim','Connexion','Login/loginMe',1,'Administrateur','127.0.0.1','Chrome 74.0.3729.108','Mozilla/5.0 (X11; Linux x86_64) AppleWebKit/537.36 (KHTML, like Gecko) Chrome/74.0.3729.108 Safari/537.36','Linux','2019-05-02 00:35:36'),(521,1,'Notgabs Loreim','Erreur','Login/error',1,'Administrateur','127.0.0.1','Chrome 74.0.3729.108','Mozilla/5.0 (X11; Linux x86_64) AppleWebKit/537.36 (KHTML, like Gecko) Chrome/74.0.3729.108 Safari/537.36','Linux','2019-05-02 00:35:36'),(522,1,'Notgabs Loreim','Erreur','Login/error',1,'Administrateur','127.0.0.1','Chrome 74.0.3729.108','Mozilla/5.0 (X11; Linux x86_64) AppleWebKit/537.36 (KHTML, like Gecko) Chrome/74.0.3729.108 Safari/537.36','Linux','2019-05-02 00:35:36'),(523,1,'Notgabs Loreim','Déconnexion','BaseController/logout',1,'Administrateur','127.0.0.1','Chrome 74.0.3729.108','Mozilla/5.0 (X11; Linux x86_64) AppleWebKit/537.36 (KHTML, like Gecko) Chrome/74.0.3729.108 Safari/537.36','Linux','2019-05-02 00:46:23'),(524,1,'Notgabs Loreim','Connexion','Login/loginMe',1,'Administrateur','127.0.0.1','Chrome 74.0.3729.108','Mozilla/5.0 (X11; Linux x86_64) AppleWebKit/537.36 (KHTML, like Gecko) Chrome/74.0.3729.108 Safari/537.36','Linux','2019-05-02 00:46:36'),(525,1,'Notgabs Loreim','Erreur','Login/error',1,'Administrateur','127.0.0.1','Chrome 74.0.3729.108','Mozilla/5.0 (X11; Linux x86_64) AppleWebKit/537.36 (KHTML, like Gecko) Chrome/74.0.3729.108 Safari/537.36','Linux','2019-05-02 00:46:36'),(526,1,'Notgabs Loreim','Erreur','Login/error',1,'Administrateur','127.0.0.1','Chrome 74.0.3729.108','Mozilla/5.0 (X11; Linux x86_64) AppleWebKit/537.36 (KHTML, like Gecko) Chrome/74.0.3729.108 Safari/537.36','Linux','2019-05-02 00:46:36');
/*!40000 ALTER TABLE `logs` ENABLE KEYS */;
UNLOCK TABLES;

--
-- Table structure for table `resources`
--

DROP TABLE IF EXISTS `resources`;
/*!40101 SET @saved_cs_client     = @@character_set_client */;
/*!40101 SET character_set_client = utf8 */;
CREATE TABLE `resources` (
  `id` bigint(20) NOT NULL AUTO_INCREMENT,
  `label` varchar(1024) NOT NULL,
  `description` varchar(2048) NOT NULL,
  `categoryId` int(11) NOT NULL,
  `createdBy` bigint(20) NOT NULL,
  `created` datetime NOT NULL DEFAULT current_timestamp(),
  PRIMARY KEY (`id`),
  KEY `FK_Category` (`categoryId`)
) ENGINE=InnoDB AUTO_INCREMENT=26 DEFAULT CHARSET=utf8;
/*!40101 SET character_set_client = @saved_cs_client */;

--
-- Dumping data for table `resources`
--

LOCK TABLES `resources` WRITE;
/*!40000 ALTER TABLE `resources` DISABLE KEYS */;
INSERT INTO `resources` (`id`, `label`, `description`, `categoryId`, `createdBy`, `created`) VALUES (1,'RESSOURCE_1','molestias',1,1,'1997-11-07 08:16:32'),(2,'RESSOURCE_2','ipsum',2,1,'1947-05-16 02:09:35'),(3,'RESSOURCE_3','et',3,1,'1987-07-29 05:48:46'),(4,'RESSOURCE_4','a',4,1,'1993-01-12 19:32:44'),(5,'RESSOURCE_5','totam',2,1,'1932-08-19 17:36:29'),(6,'RESSOURCE_6','iste',2,1,'1948-08-23 22:49:40'),(7,'RESSOURCE_7','quia',3,1,'1969-11-23 10:45:09'),(8,'RESSOURCE_8','et',4,1,'1974-07-18 19:28:21'),(9,'RESSOURCE_9','odio',4,1,'1925-07-22 19:59:35'),(10,'RESSOURCE_10','eius',2,1,'1944-09-03 10:28:51'),(11,'RESSOURCE_11','sint',1,1,'1953-06-24 15:00:02'),(12,'RESSOURCE_12','voluptas',2,1,'1995-10-23 19:27:01'),(13,'RESSOURCE_13','temporibus',3,1,'1931-04-20 21:02:37'),(14,'RESSOURCE_14','ipsum',4,1,'1955-04-17 22:44:35'),(15,'RESSOURCE_15','voluptatum',2,1,'2012-04-05 08:54:24'),(16,'RESSOURCE_16','pariatur',2,1,'1987-09-08 00:03:07'),(17,'RESSOURCE_17','modi',1,1,'1965-06-21 17:00:53'),(18,'RESSOURCE_18','omnis',1,1,'1980-04-17 09:07:34'),(19,'RESSOURCE_19','sed',4,1,'1972-10-01 21:49:31'),(20,'RESSOURCE_20','sequi',2,1,'2014-11-13 03:04:09'),(21,'RESSOURCE_21','commodi',1,1,'2013-04-15 22:08:22'),(22,'RESSOURCE_22','neque',1,1,'1955-11-18 09:22:51'),(23,'RESSOURCE_23','esse',2,1,'1968-03-07 04:04:31'),(24,'RESSOURCE_24','eius',2,1,'1972-05-30 18:17:07'),(25,'RESSOURCE_25','error',3,1,'1932-06-27 18:02:40');
/*!40000 ALTER TABLE `resources` ENABLE KEYS */;
UNLOCK TABLES;

--
-- Table structure for table `roles`
--

DROP TABLE IF EXISTS `roles`;
/*!40101 SET @saved_cs_client     = @@character_set_client */;
/*!40101 SET character_set_client = utf8 */;
CREATE TABLE `roles` (
  `roleId` tinyint(4) NOT NULL AUTO_INCREMENT COMMENT 'role id',
  `role` varchar(50) NOT NULL COMMENT 'role text',
  `code` varchar(15) NOT NULL DEFAULT 'X',
  PRIMARY KEY (`roleId`)
) ENGINE=MyISAM AUTO_INCREMENT=4 DEFAULT CHARSET=utf8;
/*!40101 SET character_set_client = @saved_cs_client */;

--
-- Dumping data for table `roles`
--

LOCK TABLES `roles` WRITE;
/*!40000 ALTER TABLE `roles` DISABLE KEYS */;
INSERT INTO `roles` (`roleId`, `role`, `code`) VALUES (1,'Administrateur','ROLE_ADMIN'),(2,'Etudiant','ROLE_STUDENT'),(3,'Enseingnant','ROLE_TEACHER');
/*!40000 ALTER TABLE `roles` ENABLE KEYS */;
UNLOCK TABLES;

--
-- Table structure for table `tbl_reset_password`
--

DROP TABLE IF EXISTS `tbl_reset_password`;
/*!40101 SET @saved_cs_client     = @@character_set_client */;
/*!40101 SET character_set_client = utf8 */;
CREATE TABLE `tbl_reset_password` (
  `id` bigint(20) NOT NULL AUTO_INCREMENT,
  `email` varchar(128) NOT NULL,
  `activation_id` varchar(32) NOT NULL,
  `agent` varchar(512) NOT NULL,
  `client_ip` varchar(32) NOT NULL,
  `isDeleted` tinyint(4) NOT NULL DEFAULT 0,
  `createdBy` bigint(20) NOT NULL DEFAULT 1,
  `createdDtm` datetime NOT NULL,
  `updatedBy` bigint(20) DEFAULT NULL,
  `updatedDtm` datetime DEFAULT NULL,
  PRIMARY KEY (`id`)
) ENGINE=InnoDB AUTO_INCREMENT=2 DEFAULT CHARSET=latin1;
/*!40101 SET character_set_client = @saved_cs_client */;

--
-- Dumping data for table `tbl_reset_password`
--

LOCK TABLES `tbl_reset_password` WRITE;
/*!40000 ALTER TABLE `tbl_reset_password` DISABLE KEYS */;
INSERT INTO `tbl_reset_password` (`id`, `email`, `activation_id`, `agent`, `client_ip`, `isDeleted`, `createdBy`, `createdDtm`, `updatedBy`, `updatedDtm`) VALUES (1,'notgabs@gmail.com','JKm8f1nQTXue4By','Chrome 74.0.3729.108','127.0.0.1',0,1,'2019-04-29 22:34:14',NULL,NULL);
/*!40000 ALTER TABLE `tbl_reset_password` ENABLE KEYS */;
UNLOCK TABLES;

--
-- Table structure for table `tbl_tasks_situations`
--

DROP TABLE IF EXISTS `tbl_tasks_situations`;
/*!40101 SET @saved_cs_client     = @@character_set_client */;
/*!40101 SET character_set_client = utf8 */;
CREATE TABLE `tbl_tasks_situations` (
  `statusId` bigint(20) NOT NULL AUTO_INCREMENT,
  `status` varchar(50) NOT NULL,
  PRIMARY KEY (`statusId`)
) ENGINE=MyISAM AUTO_INCREMENT=3 DEFAULT CHARSET=utf8;
/*!40101 SET character_set_client = @saved_cs_client */;

--
-- Dumping data for table `tbl_tasks_situations`
--

LOCK TABLES `tbl_tasks_situations` WRITE;
/*!40000 ALTER TABLE `tbl_tasks_situations` DISABLE KEYS */;
INSERT INTO `tbl_tasks_situations` (`statusId`, `status`) VALUES (1,'Açık'),(2,'Tamamlandı');
/*!40000 ALTER TABLE `tbl_tasks_situations` ENABLE KEYS */;
UNLOCK TABLES;

--
-- Table structure for table `users`
--

DROP TABLE IF EXISTS `users`;
/*!40101 SET @saved_cs_client     = @@character_set_client */;
/*!40101 SET character_set_client = utf8 */;
CREATE TABLE `users` (
  `userId` int(11) NOT NULL AUTO_INCREMENT,
  `email` varchar(128) NOT NULL COMMENT 'login email',
  `password` varchar(128) NOT NULL COMMENT 'hashed login password',
  `name` varchar(128) DEFAULT NULL COMMENT 'full name of user',
  `mobile` varchar(20) DEFAULT NULL,
  `roleId` int(11) NOT NULL,
  `isDeleted` tinyint(4) NOT NULL DEFAULT 0,
  `status` tinyint(4) NOT NULL DEFAULT 0,
  `createdBy` int(11) NOT NULL,
  `createdDtm` datetime NOT NULL,
  `updatedBy` int(11) DEFAULT NULL,
  `updatedDtm` datetime DEFAULT NULL,
  PRIMARY KEY (`userId`),
  KEY `FK_Roles` (`roleId`)
) ENGINE=MyISAM AUTO_INCREMENT=27 DEFAULT CHARSET=utf8;
/*!40101 SET character_set_client = @saved_cs_client */;

--
-- Dumping data for table `users`
--

LOCK TABLES `users` WRITE;
/*!40000 ALTER TABLE `users` DISABLE KEYS */;
INSERT INTO `users` (`userId`, `email`, `password`, `name`, `mobile`, `roleId`, `isDeleted`, `status`, `createdBy`, `createdDtm`, `updatedBy`, `updatedDtm`) VALUES (1,'dmla@gmail.com','$2y$10$v2L2BEcgjf8/KBE7Z6/v2ObEisUkpf2eXXa0iWGAgHKYEeKM5FN6a','Lin D','875.210.9171',1,0,1,1,'1927-01-05 00:26:01',1,'2019-05-01 23:18:20'),(2,'dean62@feil.org','$2y$10$dQJyi3YoFjT6CZyLku1LBuV5dhCxM59r1yU.vcUFce4UQZ9w5Wkf2','schmidt.kian','1-481-304-6591x0781',3,0,0,1,'1980-05-31 07:49:52',1,'2012-01-06 20:45:39'),(3,'cmiller@kautzer.com','$2y$10$wQ7aZil1L4HihVgKNTDRhOtKrzMx/aOzM5knl4pqBHe/4EJ1R8RQO','delphia.wilderman','1-298-689-5642',3,0,0,1,'2013-04-02 14:46:04',1,'1994-10-11 19:15:11'),(4,'issac.kunde@gmail.com','$2y$10$J.9h32bbMNXMhQcSil/9X.lMaxFk6SVIGrH/EWwPqKtjawuJoFrgu','jeanie11','1-035-100-0018',3,0,0,1,'2005-02-20 15:13:07',1,'1991-05-25 13:44:55'),(5,'sabina61@douglas.com','$2y$10$XfRZLGX4lbv3fmmRZYAS4Ol6HYbbE8at/D06oMCHEbyxhsEf6IDzu','icruickshank','05464783024',3,0,0,1,'1973-03-03 17:52:35',1,'1975-09-24 04:27:31'),(6,'yost.dorris@hotmail.com','$2y$10$RiXATjoGEyp05ZfzHO03peoMaAB8FhEiagT90Fq6G5j6kyRqgIME.','marvin76','037-665-3415',3,0,0,1,'1951-09-27 19:57:42',1,'1976-01-03 12:57:22'),(7,'acollier@braun.info','$2y$10$SpZhSHzZgajN5BuHxb6qLOH/9hPzDjn9u8gaqgkazboJueBgL58me','yrussel','403-203-8923',3,0,0,1,'1933-04-03 20:20:51',1,'1919-07-18 02:38:22'),(8,'jonathon.hills@gmail.com','$2y$10$naBoXjJi1cYkR1BzCKHTSuPJdLVG/bAssofuWOaHXlDWK4uALRsC6','guadalupe52','861.814.2040x4912',3,0,0,1,'1995-05-28 22:04:40',1,'1920-01-21 05:15:26'),(9,'jbrekke@yahoo.com','$2y$10$iMwieAWaBTrwd.XKr8CMG.DJGWUUtcAHX551hS9RFl/t5VIuvppky','jeremy73','(152)378-2622x21771',3,0,0,1,'1946-05-10 17:58:46',1,'1987-12-25 16:48:38'),(10,'amayer@tromphalvorson.org','$2y$10$GW2lyLaIJvTf8qYAzuYKDuJmUSdc2k8/YnQjFd7kns8aJ3Ahnb/hW','claire.green','1-320-614-5318',3,0,0,1,'1961-11-11 19:39:50',1,'1973-11-12 16:56:39'),(11,'adell.treutel@kihn.biz','$2y$10$lxOuN1NPuAWTuIuiV4m3kuzf9Gq9TksotHCpyWGoPzKAa94R3.zz2','hollie08','778-030-5215x3358',3,0,0,1,'1920-05-31 00:16:36',1,'1921-10-15 10:26:48'),(12,'margarete90@denesik.com','$2y$10$E1GYX94DFRqjE/YgdCaF0eZC//RmIoU6ZMFyDQawVe8hnbnC4ia8u','steuber.cooper','727-863-1205x21042',3,0,0,1,'1931-10-14 10:45:59',1,'1938-11-09 12:25:08'),(13,'buddy.johnson@lehnerzemlak.com','$2y$10$zaczqK1h12G3Kl5x8uMnCe9Q91WvAYqsluhzbU1p0yKbmeqzDCMJ.','trenton83','499-980-5661x529',3,0,0,1,'2014-03-10 02:35:54',1,'1932-08-04 13:00:07'),(14,'alverta.kertzmann@hotmail.com','$2y$10$aTchb7T7eiMaMIIascf3KudTiTR1TDqfxgo9i5LmGMYSi1ntFBqv2','bdurgan','1-150-449-5089x2600',3,0,0,1,'1932-05-29 20:37:05',1,'1939-07-02 13:14:43'),(15,'vbarrows@wyman.org','$2y$10$ETT7Mkli7JLHYZ.psvFb0uHbKXR/GnS4ock51hEO5VbLaLdYYDzke','scarter','1-742-696-0973x496',3,0,0,1,'1992-10-16 11:10:44',1,'1968-07-16 01:21:36'),(16,'awolff@gmail.com','$2y$10$gqdiXewg6peQUnAaPy6bfewoqz.iSm/.CI6sISni6UX/7M9/fUr2G','jarrett.murazik','+09(9)6489143030',3,0,0,1,'1999-08-24 20:02:53',1,'1935-12-29 19:55:52'),(17,'vgutmann@uptonwest.com','$2y$10$cI4TARupT5FDdnVKfk2bnu0NM0yVJMcO5uvjL/e7.YGOhS6zOEa1K','stark.laura','1-965-664-9447',3,0,0,1,'2006-05-27 10:29:47',1,'1920-09-06 07:51:05'),(18,'hills.joanie@haagmurray.info','$2y$10$Ns.veksQbyp3146zhNEXeuVeAYy6jj6od1HHfWSafXquGMKC3WXoy','joan.reynolds','535-032-7339x236',3,0,0,1,'1953-10-30 04:21:46',1,'1989-03-03 23:17:58'),(19,'herta57@hotmail.com','$2y$10$dwnWtuXvrF0aML3CpJU07.ayIvG0MOQPcjnzYwbdym2mWT/vw3JZW','harvey.earl','+12(4)4140800992',3,0,0,1,'2016-01-05 09:40:57',1,'2010-09-27 07:15:39'),(20,'eloise.mueller@gmail.com','$2y$10$QMrpmqFY3YMxieUy5ro0JeapZUTwOHFmKQ1SkMhS0.e4yue40qEAC','terry90','385-578-3988x10184',3,0,0,1,'1964-03-19 21:17:13',1,'1941-08-01 18:51:29'),(21,'hazle.ullrich@mosciski.biz','$2y$10$fG41CiLFk/7l2HlZv8qubOfr4TNB4huVBl/LC.KIefqK2xFGPSSxq','elva.beier','1-435-748-7720x711',3,0,0,1,'1979-12-17 07:53:57',1,'1993-08-25 17:17:21'),(22,'howard10@gmail.com','$2y$10$/hJgZB1dC8W52/uwTWl9/.mFXG2Gh5xDM62dHbjS17R5tIW6XCFSO','destin50','299.499.6837x4876',3,0,0,1,'2003-09-16 15:57:44',1,'1988-10-09 12:33:53'),(23,'avis20@schaefer.com','$2y$10$eKHlUNazH3rbQdLePR.ozuCX00bCBvMOZ9BvhEHHQXEL2pQH8tOQq','uschowalter','306-587-9869x8078',3,0,0,1,'1939-04-15 23:56:32',1,'1983-08-21 07:59:55'),(24,'micheal50@gmail.com','$2y$10$u1tFVciDO11eMv.8qqEvTOgKo2xVWiyPVkN0uQmz1yD31oteirp0C','angelo.altenwerth','(955)853-9830',3,0,0,1,'2018-05-09 20:22:51',1,'1949-12-08 23:50:50'),(25,'clyde33@hotmail.com','$2y$10$qPD2RskLXuoj0wATeekPu.eEXJ.Pzu37bI5YUsa1ePnk26qz0eP3q','julius.lueilwitz','(665)169-6562x226',3,0,0,1,'1988-11-18 12:05:32',1,'2012-10-14 19:24:33'),(26,'leola25@gorczanyconroy.org','$2y$10$hfZBts0g3NKvWooxoqcSCe5QIy/9dae6hBaq2X7vJbmSdiAH/IHNO','keagan11','858.883.9575x968',3,0,0,1,'1971-12-10 02:07:56',1,'1966-10-29 09:53:07');
/*!40000 ALTER TABLE `users` ENABLE KEYS */;
UNLOCK TABLES;
/*!40103 SET TIME_ZONE=@OLD_TIME_ZONE */;

/*!40101 SET SQL_MODE=@OLD_SQL_MODE */;
/*!40014 SET FOREIGN_KEY_CHECKS=@OLD_FOREIGN_KEY_CHECKS */;
/*!40014 SET UNIQUE_CHECKS=@OLD_UNIQUE_CHECKS */;
/*!40101 SET CHARACTER_SET_CLIENT=@OLD_CHARACTER_SET_CLIENT */;
/*!40101 SET CHARACTER_SET_RESULTS=@OLD_CHARACTER_SET_RESULTS */;
/*!40101 SET COLLATION_CONNECTION=@OLD_COLLATION_CONNECTION */;
/*!40111 SET SQL_NOTES=@OLD_SQL_NOTES */;

-- Dump completed on 2019-05-02  0:47:28
